Date,Room_Type,Price,Quantity_Sold,Occupancy_Rate,Competitor_Price,Lead_Time,Promotion,Season,Day_of_Week,Event_Nearby
2024-02-02,Suite,260.65000000000003,67,63.6%,258.80400000000003,59,Discount,Low,Thursday,None
2024-01-18,Deluxe,132.34199999999998,32,43.7%,143.14049999999997,65,Discount,High,Monday,Business Conference
2024-08-21,Standard,55.21,20,61.5%,49.06,4,Discount,Low,Sunday,Business Conference
2024-08-10,Standard,137.67,100,71.0%,154.8,71,Discount,Low,Sunday,None
2024-06-18,Deluxe,286.3155,36,81.6%,271.6875,33,Free Breakfast,Shoulder,Saturday,Local Festival
2024-11-09,Suite,292.00600000000003,112,81.8%,267.098,19,None,High,Friday,Local Festival
2024-12-28,Standard,75.91,53,68.9%,68.17,55,Discount,High,Wednesday,None
2024-03-21,Suite,104.91000000000001,68,98.9%,122.64200000000001,28,Discount,Low,Tuesday,Local Festival
2024-03-22,Suite,361.504,81,59.8%,354.822,85,Discount,Shoulder,Thursday,Business Conference
2024-10-24,Deluxe,260.7855,101,54.7%,242.15549999999996,72,None,Low,Tuesday,Local Festival
2024-07-04,Standard,286.1,88,87.9%,273.68,49,None,High,Tuesday,None
2024-11-14,Standard,117.74,86,98.7%,98.14,75,None,Low,Tuesday,Business Conference
2024-10-03,Deluxe,92.36799999999998,38,77.6%,104.282,30,None,Shoulder,Thursday,Business Conference
2024-06-09,Suite,334.62,101,80.0%,322.257,40,Free Breakfast,Low,Tuesday,None
2024-01-04,Deluxe,164.5765,11,71.5%,165.4965,58,None,Low,Friday,Local Festival
2024-11-20,Standard,74.36,16,54.8%,58.81,63,None,Low,Thursday,Business Conference
2024-11-24,Suite,111.826,19,83.4%,124.397,62,Free Breakfast,Shoulder,Tuesday,Local Festival
2024-08-08,Deluxe,92.6785,60,59.8%,91.4365,64,Free Breakfast,High,Sunday,None
2024-06-19,Suite,68.54899999999999,104,59.9%,58.825,11,Discount,Low,Thursday,Business Conference
2024-08-24,Suite,163.852,35,76.9%,175.838,25,Free Breakfast,Low,Saturday,Local Festival
2024-04-30,Suite,157.274,91,100.0%,147.329,16,Free Breakfast,Shoulder,Friday,Business Conference
2024-05-01,Deluxe,128.53549999999998,19,71.7%,144.463,76,Free Breakfast,Shoulder,Monday,Local Festival
2024-10-18,Standard,146.13,88,76.0%,137.04,10,Free Breakfast,High,Saturday,Local Festival
2024-04-14,Suite,163.631,41,55.8%,161.707,38,Free Breakfast,High,Wednesday,Business Conference
2024-10-19,Standard,228.11,26,80.0%,227.27,12,Discount,Shoulder,Wednesday,Business Conference
2024-11-06,Deluxe,243.82299999999998,25,98.4%,230.90849999999998,56,Discount,High,Saturday,None
2024-10-19,Suite,82.641,95,99.6%,81.055,28,Free Breakfast,Low,Sunday,None
2024-02-05,Deluxe,117.38049999999998,83,66.3%,105.478,76,None,High,Saturday,None
2024-10-26,Suite,206.88199999999998,110,97.3%,216.86599999999999,87,None,Shoulder,Monday,Local Festival
2024-05-05,Suite,153.53,41,94.1%,157.573,53,Discount,Shoulder,Friday,Local Festival
2024-05-17,Standard,250.41,21,65.5%,235.13,2,Discount,Shoulder,Friday,None
2024-10-26,Suite,288.834,32,80.3%,268.463,23,Free Breakfast,Low,Sunday,Business Conference
2024-08-17,Deluxe,111.044,19,66.5%,99.452,4,Discount,Low,Thursday,Local Festival
2024-04-01,Deluxe,283.95799999999997,109,99.7%,261.38349999999997,77,Free Breakfast,High,Saturday,Business Conference
2024-12-19,Standard,278.73,61,53.3%,260.98,40,None,Shoulder,Friday,Business Conference
2024-07-09,Suite,213.14800000000002,40,85.3%,237.00300000000001,65,None,Low,Saturday,Local Festival
2024-12-30,Suite,106.83400000000002,65,68.8%,83.49900000000001,27,Free Breakfast,Low,Tuesday,None
2024-04-12,Deluxe,284.69399999999996,96,98.8%,305.8655,43,Free Breakfast,High,Saturday,Local Festival
2024-06-30,Standard,83.77,43,60.7%,78.91,26,Free Breakfast,Shoulder,Saturday,None
2024-09-12,Standard,71.48,105,70.3%,73.55,10,Free Breakfast,Shoulder,Wednesday,None
2024-11-16,Deluxe,306.57849999999996,86,71.7%,297.114,69,Discount,Shoulder,Wednesday,Business Conference
2024-04-11,Suite,245.232,33,100.0%,241.15,26,Free Breakfast,Low,Friday,None
2024-02-29,Standard,106.33,60,96.2%,122.88,73,Free Breakfast,High,Wednesday,Local Festival
2024-05-10,Suite,162.851,35,74.7%,172.9,36,Free Breakfast,Low,Friday,Business Conference
2024-03-21,Standard,179.63,103,80.9%,193.98,18,None,Low,Wednesday,Local Festival
2024-11-20,Standard,78.12,32,72.5%,94.83,20,None,High,Friday,Business Conference
2024-10-03,Standard,72.53,16,57.7%,76.57,8,Discount,Low,Thursday,None
2024-02-08,Suite,132.86,82,82.2%,137.293,1,Free Breakfast,Shoulder,Monday,Business Conference
2024-07-08,Suite,79.3,92,94.8%,90.857,58,Discount,Low,Friday,Local Festival
2024-11-24,Suite,240.53900000000002,54,68.1%,226.577,15,None,Shoulder,Thursday,None
2024-04-01,Suite,140.27,31,67.9%,166.08800000000002,62,Discount,High,Tuesday,None
2024-11-22,Deluxe,242.81099999999998,73,83.5%,248.72199999999998,51,Discount,Shoulder,Friday,Local Festival
2024-11-21,Deluxe,186.553,17,92.9%,170.844,15,None,Low,Friday,Local Festival
2024-04-05,Standard,179.44,76,69.9%,189.22,63,None,Shoulder,Saturday,None
2024-11-28,Suite,250.39300000000003,37,68.6%,274.638,22,Free Breakfast,High,Wednesday,Local Festival
2024-04-06,Standard,203.22,84,66.2%,208.56,14,Free Breakfast,Low,Friday,Local Festival
2024-01-18,Suite,161.733,50,70.0%,150.969,14,Free Breakfast,Low,Tuesday,Business Conference
2024-06-01,Deluxe,244.5245,84,92.9%,251.65449999999998,76,Discount,Shoulder,Saturday,Local Festival
2024-05-22,Suite,337.207,26,57.1%,351.85800000000006,24,None,High,Saturday,None
2024-07-28,Deluxe,343.51649999999995,30,67.2%,363.009,71,Discount,Low,Monday,Business Conference
2024-08-14,Deluxe,217.49949999999998,76,100.0%,198.904,77,Free Breakfast,Low,Saturday,Business Conference
2024-03-27,Suite,297.999,99,86.0%,300.664,21,None,Low,Friday,Business Conference
2024-02-24,Standard,175.47,54,77.6%,181.84,59,Discount,Shoulder,Thursday,Local Festival
2024-08-28,Suite,188.955,40,100.0%,207.519,31,None,Low,Monday,Local Festival
2024-05-27,Standard,86.11,49,72.2%,66.31,44,Free Breakfast,High,Wednesday,None
2024-07-09,Deluxe,153.134,35,61.8%,147.42999999999998,49,None,High,Tuesday,Business Conference
2024-02-24,Standard,107.67,39,85.6%,102.59,6,None,Shoulder,Friday,Local Festival
2024-11-19,Standard,109.68,69,49.8%,106.43,86,Discount,Low,Saturday,Business Conference
2024-07-26,Standard,120.74,51,72.7%,105.58,30,None,High,Tuesday,Business Conference
2024-11-06,Standard,273.81,46,89.7%,271.66,88,Discount,Shoulder,Tuesday,None
2024-08-26,Deluxe,276.368,101,86.8%,274.689,58,Discount,High,Tuesday,None
2024-11-15,Suite,131.53400000000002,37,59.5%,148.889,42,Free Breakfast,High,Saturday,None
2024-11-21,Standard,296.07,92,84.8%,300.13,31,Discount,Low,Monday,Local Festival
2024-08-22,Suite,290.108,55,100.0%,273.091,58,Free Breakfast,High,Sunday,None
2024-09-15,Standard,177.87,108,79.7%,190.95,58,Discount,High,Friday,None
2024-08-05,Deluxe,219.397,20,57.1%,220.67349999999996,33,Discount,Shoulder,Sunday,Local Festival
2024-07-20,Suite,185.75699999999998,92,56.5%,185.65300000000002,6,Free Breakfast,Shoulder,Saturday,Business Conference
2024-04-25,Suite,200.48600000000002,89,100.0%,196.352,28,Discount,Shoulder,Saturday,Business Conference
2024-03-02,Suite,327.82099999999997,81,80.1%,350.779,59,Free Breakfast,Low,Wednesday,Business Conference
2024-06-05,Suite,93.119,85,56.8%,107.861,46,Free Breakfast,Low,Tuesday,Local Festival
2024-12-04,Suite,284.596,109,91.2%,267.90400000000005,15,Discount,High,Wednesday,Business Conference
2024-11-27,Standard,298.87,69,59.0%,283.65,57,None,High,Friday,Local Festival
2024-07-24,Standard,117.33,42,79.2%,135.11,60,Discount,High,Tuesday,Business Conference
2024-05-04,Suite,200.33,92,66.6%,197.41800000000003,52,Discount,Low,Saturday,Local Festival
2024-04-09,Standard,277.37,52,94.1%,268.59,19,Free Breakfast,Low,Thursday,Business Conference
2024-01-31,Standard,137.7,43,69.6%,149.69,47,Free Breakfast,Low,Wednesday,Business Conference
2024-02-18,Standard,109.94,16,91.6%,91.99,4,None,Shoulder,Tuesday,Local Festival
2024-07-10,Suite,229.97000000000003,94,58.0%,235.508,59,Discount,High,Monday,Local Festival
2024-02-11,Deluxe,325.818,75,96.6%,326.6805,45,Free Breakfast,High,Thursday,Local Festival
2024-10-20,Deluxe,318.2395,87,52.3%,316.7905,32,Free Breakfast,Low,Tuesday,None
2024-12-23,Suite,262.002,37,65.5%,264.55,38,Free Breakfast,Low,Monday,Local Festival
2024-08-29,Standard,221.03,58,69.9%,224.46,44,None,High,Wednesday,None
2024-12-22,Deluxe,202.88299999999998,83,78.2%,202.50349999999997,39,None,High,Wednesday,Local Festival
2024-11-08,Suite,364.988,91,91.0%,390.468,8,Free Breakfast,Low,Saturday,Business Conference
2024-04-21,Suite,225.48499999999999,69,71.6%,226.66800000000003,84,Discount,High,Sunday,Business Conference
2024-03-20,Standard,79.46,9,64.0%,65.54,64,Free Breakfast,Shoulder,Sunday,Business Conference
2024-04-05,Deluxe,307.26849999999996,82,53.0%,296.884,5,None,High,Wednesday,Business Conference
2024-03-20,Standard,143.61,77,60.6%,139.15,89,None,Low,Sunday,None
2024-07-28,Suite,88.58200000000001,80,61.6%,92.001,53,Discount,High,Tuesday,None
2024-05-05,Deluxe,255.46099999999996,39,92.3%,276.3795,10,None,Shoulder,Sunday,None
2024-07-18,Standard,58.83,27,100.0%,43.15,31,Free Breakfast,Shoulder,Sunday,Business Conference
2024-04-17,Deluxe,266.4665,42,75.1%,263.83299999999997,46,None,High,Wednesday,Local Festival
2024-06-28,Suite,229.645,52,88.2%,236.522,35,Free Breakfast,Low,Monday,Business Conference
2024-05-02,Suite,298.883,24,56.3%,294.099,25,None,Shoulder,Saturday,Local Festival
2024-01-22,Deluxe,213.98049999999998,52,91.1%,215.30299999999997,8,Free Breakfast,Shoulder,Sunday,Business Conference
2024-10-06,Deluxe,171.14299999999997,83,91.6%,169.92399999999998,8,Discount,Shoulder,Sunday,None
2024-11-07,Suite,359.606,42,93.6%,346.32,43,Free Breakfast,High,Tuesday,Local Festival
2024-10-21,Deluxe,304.3015,14,85.2%,299.299,32,Free Breakfast,Low,Sunday,Business Conference
2024-01-22,Deluxe,126.2815,30,86.3%,143.16349999999997,26,Free Breakfast,Shoulder,Sunday,Business Conference
2024-12-18,Deluxe,187.542,53,69.3%,199.226,83,Discount,Low,Sunday,None
2024-08-06,Standard,196.94,89,51.7%,182.11,74,None,Low,Saturday,None
2024-11-23,Suite,281.07300000000004,103,65.7%,268.22900000000004,49,Discount,Low,Friday,Local Festival
2024-10-27,Deluxe,190.37099999999998,66,90.0%,196.397,61,Free Breakfast,Shoulder,Monday,Business Conference
2024-01-28,Suite,180.115,71,65.1%,199.433,11,Discount,Low,Friday,None
2024-01-27,Standard,126.47,100,95.3%,137.59,45,Free Breakfast,High,Friday,Local Festival
2024-03-15,Standard,120.03,77,59.5%,118.71,30,Free Breakfast,High,Wednesday,Local Festival
2024-03-04,Deluxe,106.099,72,44.5%,103.132,35,None,High,Tuesday,Local Festival
2024-08-12,Suite,175.955,47,72.3%,154.739,13,Free Breakfast,Shoulder,Monday,Business Conference
2024-06-26,Suite,205.38700000000003,60,79.5%,193.167,88,None,Shoulder,Friday,Business Conference
2024-07-18,Suite,238.55,74,90.7%,255.151,15,Free Breakfast,Low,Wednesday,Local Festival
2024-11-20,Suite,146.80900000000003,19,82.8%,165.698,28,Discount,High,Thursday,Business Conference
2024-03-20,Deluxe,164.864,74,63.9%,170.6255,24,Free Breakfast,High,Thursday,Business Conference
2024-07-06,Suite,296.543,94,42.2%,296.387,83,Free Breakfast,Low,Saturday,Local Festival
2024-03-05,Suite,155.987,98,54.5%,174.473,43,Free Breakfast,High,Wednesday,Local Festival
2024-01-16,Suite,68.69200000000001,25,95.5%,54.756,54,Discount,Shoulder,Sunday,Local Festival
2024-04-24,Suite,183.092,34,83.7%,205.42600000000002,51,None,Low,Tuesday,Local Festival
2024-07-24,Suite,153.868,91,79.4%,152.165,29,Free Breakfast,Low,Thursday,Business Conference
2024-10-19,Suite,382.71999999999997,21,85.2%,366.041,54,Free Breakfast,Low,Saturday,None
2024-07-10,Deluxe,216.10799999999998,103,47.6%,215.13049999999998,37,Free Breakfast,Shoulder,Friday,None
2024-04-21,Standard,134.14,51,75.7%,153.19,78,Discount,High,Friday,None
2024-10-06,Suite,357.37,58,73.5%,341.809,88,None,Shoulder,Sunday,Business Conference
2024-06-22,Deluxe,280.623,20,97.7%,280.186,83,None,Shoulder,Tuesday,Local Festival
2024-09-08,Standard,80.86,100,87.9%,63.4,79,Free Breakfast,High,Saturday,None
2024-03-08,Deluxe,115.5175,78,54.1%,104.788,68,Discount,Shoulder,Wednesday,Local Festival
2024-05-03,Standard,136.73,97,56.2%,144.74,49,None,Shoulder,Wednesday,None
2024-04-14,Deluxe,68.06849999999999,96,75.3%,47.966499999999996,74,Free Breakfast,High,Wednesday,Business Conference
2024-07-20,Deluxe,197.10999999999999,34,81.5%,183.7355,86,None,High,Monday,Local Festival
2024-10-05,Deluxe,168.429,101,48.7%,167.7505,86,Discount,High,Friday,Business Conference
2024-02-20,Deluxe,257.1515,51,87.5%,239.614,42,Free Breakfast,Low,Wednesday,Local Festival
2024-05-04,Deluxe,150.3395,40,54.6%,144.63549999999998,38,None,High,Sunday,Local Festival
2024-06-26,Deluxe,61.95049999999999,90,60.5%,50.255,54,Free Breakfast,High,Saturday,None
2024-03-06,Standard,231.85,32,82.9%,212.16,77,Discount,Low,Tuesday,Local Festival
2024-08-03,Standard,175.75,25,92.1%,156.23,61,Discount,Shoulder,Saturday,None
2024-12-13,Suite,370.981,65,82.5%,381.511,42,Free Breakfast,Low,Monday,Local Festival
2024-07-25,Suite,321.03499999999997,101,57.0%,332.657,59,Free Breakfast,Shoulder,Thursday,Local Festival
2024-09-19,Suite,268.034,60,96.1%,287.651,60,Discount,Low,Wednesday,Business Conference
2024-01-20,Suite,380.52299999999997,86,100.0%,378.06600000000003,75,Discount,Low,Monday,Business Conference
2024-03-03,Standard,131.5,17,89.1%,150.26,74,Free Breakfast,Low,Sunday,Local Festival
2024-01-12,Deluxe,331.00449999999995,64,62.9%,332.5685,21,Free Breakfast,High,Friday,None
2024-03-14,Suite,115.635,105,73.0%,109.78500000000001,64,Free Breakfast,High,Wednesday,None
2024-03-15,Suite,337.09000000000003,44,82.8%,313.222,37,Free Breakfast,Shoulder,Tuesday,Business Conference
2024-01-25,Standard,210.77,99,88.8%,195.93,19,None,Shoulder,Wednesday,Local Festival
2024-05-12,Deluxe,104.91449999999999,41,92.5%,127.89149999999998,33,Discount,Low,Monday,Local Festival
2024-01-20,Deluxe,226.66499999999996,45,86.1%,217.52249999999998,72,Free Breakfast,High,Friday,Business Conference
2024-02-10,Suite,205.972,88,59.4%,180.336,56,Free Breakfast,Low,Thursday,None
2024-10-12,Suite,97.16199999999999,107,66.9%,117.962,52,Discount,Shoulder,Thursday,Local Festival
2024-10-23,Suite,353.08000000000004,50,83.6%,336.063,7,Discount,High,Wednesday,Local Festival
2024-01-25,Deluxe,230.59799999999998,46,91.0%,221.5245,27,Free Breakfast,High,Friday,Local Festival
2024-02-13,Deluxe,198.37499999999997,17,78.3%,186.001,31,None,High,Tuesday,None
2024-11-07,Standard,227.25,83,71.9%,210.87,68,Free Breakfast,Low,Friday,Local Festival
2024-04-24,Standard,126.51,55,100.0%,113.53,20,None,Shoulder,Sunday,None
2024-02-02,Deluxe,95.97899999999998,105,92.5%,87.2965,7,None,High,Sunday,Local Festival
2024-06-02,Suite,239.902,67,64.3%,251.836,79,Discount,Shoulder,Saturday,None
2024-02-09,Standard,78.2,30,90.2%,92.03,30,Discount,High,Friday,None
2024-01-18,Suite,113.802,26,55.3%,97.11000000000001,44,Discount,High,Friday,None
2024-02-24,Suite,118.06599999999999,67,69.9%,98.241,14,Discount,High,Monday,None
2024-02-28,Deluxe,253.43699999999998,80,75.4%,232.81749999999997,66,Free Breakfast,Shoulder,Wednesday,Local Festival
2024-08-08,Deluxe,318.72249999999997,21,98.4%,315.008,25,Free Breakfast,High,Thursday,None
2024-10-17,Deluxe,58.05199999999999,89,71.0%,59.823,3,None,Shoulder,Thursday,Business Conference
2024-01-02,Standard,228.21,20,65.9%,215.72,51,Discount,Shoulder,Monday,Business Conference
2024-07-16,Deluxe,315.41049999999996,76,91.2%,302.8755,29,None,Low,Tuesday,Local Festival
2024-05-22,Suite,212.225,40,85.4%,221.92300000000003,31,None,Low,Saturday,Business Conference
2024-09-11,Suite,376.194,61,79.8%,389.116,87,Discount,Shoulder,Monday,None
2024-10-11,Standard,144.24,60,62.5%,154.33,4,None,High,Friday,Business Conference
2024-03-13,Standard,212.85,112,81.2%,215.61,64,Discount,Low,Thursday,Business Conference
2024-08-01,Suite,292.695,54,77.6%,278.55100000000004,55,None,Shoulder,Saturday,Business Conference
2024-09-16,Deluxe,137.07999999999998,102,85.1%,123.46399999999998,6,Free Breakfast,Low,Monday,Local Festival
2024-06-05,Standard,138.39,30,80.6%,119.2,86,None,Shoulder,Thursday,Business Conference
2024-01-26,Standard,154.27,95,73.7%,140.12,38,Free Breakfast,High,Monday,None
2024-05-15,Standard,105.28,65,49.9%,105.96,53,Free Breakfast,High,Saturday,None
2024-05-28,Standard,238.7,24,49.1%,236.14,66,None,High,Wednesday,None
2024-04-11,Deluxe,81.67299999999999,64,77.7%,95.11649999999999,70,None,Low,Saturday,Business Conference
2024-11-17,Suite,190.68400000000003,87,61.3%,174.43400000000003,78,Discount,High,Friday,Local Festival
2024-05-03,Standard,275.25,106,92.5%,292.88,4,Free Breakfast,Shoulder,Tuesday,Local Festival
2024-07-21,Standard,259.13,103,66.2%,245.0,78,Free Breakfast,High,Thursday,None
2024-05-11,Standard,52.33,55,87.0%,68.72,77,Free Breakfast,High,Sunday,Local Festival
2024-03-05,Suite,383.16200000000003,68,57.6%,366.418,41,None,Low,Sunday,Business Conference
2024-09-10,Standard,158.5,54,71.6%,149.69,6,Discount,Shoulder,Saturday,Business Conference
2024-02-25,Suite,71.305,78,71.8%,76.193,22,Free Breakfast,High,Monday,None
2024-11-11,Suite,265.148,109,51.8%,248.521,75,None,Shoulder,Tuesday,Local Festival
2024-12-21,Deluxe,208.39149999999998,49,97.5%,214.6015,66,None,Low,Monday,Business Conference
2024-01-25,Standard,124.25,63,89.9%,123.0,56,Discount,Low,Sunday,None
2024-11-01,Standard,123.34,32,70.3%,107.83,11,None,High,Wednesday,Local Festival
2024-05-09,Deluxe,95.8985,84,90.4%,89.69999999999999,30,Free Breakfast,Shoulder,Friday,Business Conference
2024-07-05,Suite,204.35999999999999,14,87.4%,181.662,53,Free Breakfast,High,Sunday,None
2024-11-27,Deluxe,162.70199999999997,87,96.6%,153.5135,54,Free Breakfast,High,Thursday,Business Conference
2024-08-22,Standard,250.63,20,62.2%,239.55,27,Free Breakfast,High,Thursday,Business Conference
2024-10-28,Deluxe,84.571,54,83.3%,76.981,77,None,High,Saturday,Local Festival
2024-02-22,Standard,122.16,30,94.7%,124.8,69,None,Shoulder,Friday,None
2024-04-11,Suite,254.34500000000003,33,46.9%,241.15,40,Discount,High,Monday,Local Festival
2024-02-10,Deluxe,277.0925,29,84.3%,264.93699999999995,75,None,High,Wednesday,Local Festival
2024-02-05,Deluxe,57.59199999999999,65,84.0%,40.089,84,None,High,Sunday,Business Conference
2024-06-20,Deluxe,98.16399999999999,26,93.5%,115.40249999999999,54,Discount,Shoulder,Saturday,None
2024-04-15,Deluxe,76.314,23,68.9%,95.17399999999999,40,Discount,High,Tuesday,Local Festival
2024-06-08,Standard,119.44,72,81.2%,133.32,36,None,Low,Friday,Local Festival
2024-03-29,Deluxe,335.4895,90,60.7%,326.393,25,Free Breakfast,High,Wednesday,Local Festival
2024-10-01,Standard,96.31,88,92.8%,83.16,9,None,Shoulder,Wednesday,Business Conference
2024-12-19,Standard,252.72,39,55.5%,267.52,72,Free Breakfast,High,Sunday,Local Festival
2024-06-13,Deluxe,97.04849999999999,46,70.5%,95.40399999999998,48,Free Breakfast,High,Friday,Business Conference
2024-07-19,Deluxe,110.1125,78,60.2%,100.00399999999999,76,Discount,Low,Friday,Business Conference
2024-09-23,Standard,85.33,54,100.0%,73.18,77,None,Shoulder,Monday,Business Conference
2024-09-09,Deluxe,264.40799999999996,59,63.1%,277.66749999999996,65,None,Shoulder,Friday,Local Festival
2024-09-17,Suite,337.519,70,100.0%,359.51500000000004,39,Free Breakfast,High,Wednesday,Business Conference
2024-03-19,Suite,110.955,65,64.0%,135.889,85,Discount,High,Saturday,Business Conference
2024-10-06,Deluxe,216.338,43,100.0%,237.8545,5,None,High,Thursday,None
2024-02-13,Standard,60.57,23,67.7%,57.18,45,None,High,Monday,Local Festival
2024-02-01,Standard,88.04,103,75.7%,86.86,7,Discount,Low,Wednesday,Local Festival
2024-02-25,Deluxe,130.92749999999998,70,59.7%,136.2175,49,Free Breakfast,Low,Saturday,Business Conference
2024-03-06,Suite,329.563,65,100.0%,309.75100000000003,10,None,High,Wednesday,Business Conference
2024-05-07,Standard,99.15,91,61.7%,79.63,4,Discount,Low,Monday,None
2024-12-28,Deluxe,262.70599999999996,73,85.9%,271.11249999999995,76,Discount,Shoulder,Wednesday,Local Festival
2024-05-15,Suite,172.705,101,48.3%,156.949,21,Discount,High,Tuesday,Local Festival
2024-12-31,Deluxe,206.85049999999998,43,89.9%,219.00599999999997,42,Free Breakfast,Low,Friday,None
2024-02-25,Standard,70.4,38,58.1%,76.84,41,Discount,Low,Tuesday,Business Conference
2024-03-27,Standard,133.34,64,91.9%,132.61,34,Free Breakfast,High,Thursday,Local Festival
2024-06-25,Standard,94.09,34,85.4%,84.22,16,Free Breakfast,Low,Thursday,Local Festival
2024-10-12,Deluxe,296.00999999999993,54,100.0%,291.13399999999996,80,Free Breakfast,Shoulder,Tuesday,Business Conference
2024-03-19,Suite,163.8,66,65.7%,184.457,52,Discount,Low,Monday,None
2024-04-23,Deluxe,131.91649999999998,25,52.2%,128.47799999999998,28,Discount,Low,Tuesday,Business Conference
2024-05-02,Suite,165.269,49,69.1%,144.248,62,Discount,Shoulder,Monday,None
2024-06-16,Standard,287.65,76,53.9%,278.09,15,Free Breakfast,Low,Saturday,Business Conference
2024-12-16,Suite,112.619,81,87.9%,132.119,85,Discount,Low,Sunday,Business Conference
2024-07-26,Suite,236.249,95,67.8%,214.448,7,None,Low,Friday,Local Festival
2024-02-04,Standard,295.67,64,100.0%,297.12,32,None,High,Tuesday,None
2024-06-03,Suite,378.469,68,84.0%,398.41100000000006,71,None,High,Friday,Business Conference
2024-01-20,Deluxe,128.9955,29,60.7%,149.385,62,None,High,Wednesday,None
2024-04-06,Suite,206.57000000000002,97,59.5%,213.785,65,Free Breakfast,High,Monday,Local Festival
2024-04-21,Suite,93.74300000000001,52,65.5%,100.25600000000001,46,None,Low,Saturday,Local Festival
2024-07-17,Suite,72.631,43,71.5%,92.508,37,Free Breakfast,Shoulder,Monday,None
2024-02-21,Suite,286.169,27,80.5%,272.701,5,Free Breakfast,Shoulder,Sunday,None
2024-02-21,Suite,227.10999999999999,19,63.2%,248.287,15,Discount,Low,Saturday,Local Festival
2024-04-25,Suite,96.46000000000001,103,66.4%,106.587,74,Free Breakfast,Low,Tuesday,Local Festival
2024-12-30,Deluxe,310.6955,58,55.4%,324.99,32,Discount,Low,Tuesday,Business Conference
2024-06-16,Deluxe,249.51549999999997,60,88.4%,232.714,54,Free Breakfast,Low,Sunday,Business Conference
2024-06-01,Standard,186.39,68,71.8%,198.86,61,Discount,Shoulder,Thursday,None
2024-05-31,Standard,215.95,82,86.6%,204.12,18,Discount,Low,Monday,Business Conference
2024-08-31,Standard,231.55,87,72.6%,241.19,51,Free Breakfast,High,Sunday,Business Conference
2024-05-09,Standard,293.45,90,89.7%,287.25,89,Free Breakfast,Low,Wednesday,None
2024-04-19,Suite,242.97000000000003,91,54.6%,260.13,37,Free Breakfast,Shoulder,Saturday,None
2024-12-04,Deluxe,224.57199999999997,98,73.3%,203.757,41,Discount,Shoulder,Saturday,Business Conference
2024-12-04,Suite,246.675,21,74.1%,233.935,79,Free Breakfast,Shoulder,Saturday,None
2024-05-25,Suite,249.197,91,53.6%,265.356,58,Free Breakfast,Shoulder,Wednesday,Business Conference
2024-03-09,Deluxe,315.34149999999994,36,79.5%,331.1885,37,Discount,High,Wednesday,Local Festival
2024-04-07,Standard,95.17,55,82.9%,82.25,55,None,Low,Sunday,Business Conference
2024-11-11,Deluxe,203.619,77,95.0%,216.16549999999998,87,None,High,Wednesday,Business Conference
2024-07-15,Suite,150.085,106,85.6%,147.108,69,None,Low,Saturday,Business Conference
2024-02-23,Suite,277.524,108,100.0%,260.975,17,Discount,High,Tuesday,Business Conference
2024-09-16,Suite,382.447,53,71.3%,398.632,46,Free Breakfast,Low,Wednesday,Local Festival
2024-10-20,Suite,96.486,92,53.8%,120.029,43,None,High,Saturday,Business Conference
2024-06-05,Standard,260.15,18,58.4%,244.61,10,Discount,Shoulder,Tuesday,None
2024-09-27,Suite,279.201,106,52.7%,293.098,24,Free Breakfast,High,Tuesday,None
2024-10-10,Suite,370.591,62,83.0%,372.09900000000005,33,None,Low,Monday,Business Conference
2024-04-18,Deluxe,113.95349999999999,88,49.1%,133.5495,16,Free Breakfast,Shoulder,Wednesday,Local Festival
2024-01-20,Suite,350.61,93,85.0%,333.24199999999996,89,Free Breakfast,Shoulder,Sunday,Business Conference
2024-09-20,Suite,368.55,101,75.1%,387.36100000000005,52,None,Shoulder,Tuesday,Business Conference
2024-07-10,Suite,215.982,93,62.2%,241.228,56,None,High,Sunday,Business Conference
2024-04-24,Suite,266.201,102,49.5%,259.428,27,None,Low,Sunday,Local Festival
2024-03-22,Standard,184.86,98,75.7%,189.01,65,Free Breakfast,Shoulder,Tuesday,Business Conference
2024-11-20,Standard,91.76,86,86.8%,82.6,87,None,Shoulder,Saturday,None
2024-09-26,Deluxe,307.602,100,91.3%,288.36249999999995,16,None,Shoulder,Tuesday,Business Conference
2024-09-12,Standard,98.35,43,59.0%,112.32,53,Discount,High,Thursday,None
2024-11-15,Deluxe,305.7505,81,69.6%,321.7125,71,Free Breakfast,Shoulder,Wednesday,Local Festival
2024-06-07,Standard,68.84,109,84.6%,77.87,82,Free Breakfast,High,Monday,None
2024-10-06,Standard,83.17,30,83.1%,68.06,77,Discount,Low,Saturday,Local Festival
2024-01-10,Suite,238.901,92,85.2%,233.32399999999998,90,None,Low,Tuesday,Local Festival
2024-01-02,Suite,328.276,27,92.9%,348.153,6,Free Breakfast,High,Thursday,Local Festival
2024-11-22,Standard,244.01,29,77.7%,242.31,13,Discount,High,Saturday,Business Conference
2024-09-17,Standard,196.23,75,87.0%,213.71,35,Discount,High,Thursday,Local Festival
2024-01-05,Standard,77.64,61,58.2%,70.72,27,Free Breakfast,High,Tuesday,Business Conference
2024-08-27,Deluxe,166.96849999999998,24,82.1%,181.66549999999998,86,Free Breakfast,Low,Thursday,Local Festival
2024-12-22,Suite,228.37099999999998,78,53.9%,225.00400000000002,72,Free Breakfast,Shoulder,Thursday,Business Conference
2024-12-26,Deluxe,66.84949999999999,85,53.4%,49.323499999999996,9,Discount,Shoulder,Monday,Local Festival
2024-01-18,Suite,173.875,76,100.0%,151.567,42,Free Breakfast,Shoulder,Thursday,Local Festival
2024-06-02,Standard,87.71,65,91.8%,91.1,51,Discount,Low,Saturday,Local Festival
2024-02-28,Deluxe,228.99949999999998,75,63.0%,232.392,84,Discount,High,Wednesday,Local Festival
2024-12-04,Deluxe,137.195,85,65.8%,153.17999999999998,23,Discount,Shoulder,Tuesday,Business Conference
2024-05-28,Deluxe,319.309,58,48.8%,318.0555,61,Free Breakfast,High,Sunday,None
2024-03-03,Standard,259.36,55,57.4%,270.14,33,None,Shoulder,Tuesday,None
2024-09-05,Suite,153.504,95,90.9%,168.155,44,Free Breakfast,High,Sunday,Local Festival
2024-02-09,Suite,99.255,87,73.5%,96.07000000000001,40,Discount,Low,Wednesday,None
2024-12-19,Suite,264.199,92,75.1%,254.93,11,Free Breakfast,Low,Saturday,None
2024-12-29,Deluxe,76.682,106,94.8%,56.419,88,None,Low,Friday,Local Festival
2024-08-12,Deluxe,335.24799999999993,16,100.0%,352.3715,73,Discount,Low,Saturday,None
2024-10-20,Standard,201.53,99,58.6%,202.49,63,Discount,High,Sunday,Local Festival
2024-04-19,Standard,276.85,43,84.1%,267.09,2,Free Breakfast,Low,Wednesday,None
2024-10-18,Deluxe,170.82099999999997,63,89.1%,185.5065,89,Discount,Low,Sunday,Business Conference
2024-05-26,Deluxe,272.941,103,82.4%,280.738,55,Discount,Shoulder,Friday,None
2024-10-05,Suite,105.11800000000001,28,90.7%,111.15,47,Discount,High,Saturday,None
2024-11-15,Deluxe,171.7755,24,59.0%,165.28949999999998,85,Free Breakfast,Low,Saturday,Local Festival
2024-05-19,Suite,86.918,28,96.9%,88.84200000000001,78,Discount,Low,Sunday,Local Festival
2024-05-06,Deluxe,246.68649999999997,69,93.8%,246.07699999999997,75,Free Breakfast,Shoulder,Sunday,Business Conference
2024-03-31,Standard,236.94,45,100.0%,249.47,88,Discount,Shoulder,Wednesday,Business Conference
2024-04-02,Standard,59.59,29,52.3%,44.48,65,None,High,Wednesday,Local Festival
2024-08-08,Standard,231.3,60,70.1%,240.1,67,Free Breakfast,Shoulder,Monday,Local Festival
2024-09-08,Suite,191.711,28,92.2%,204.568,23,Free Breakfast,Shoulder,Wednesday,None
2024-04-13,Deluxe,178.98599999999996,57,57.5%,157.688,41,Discount,High,Friday,None
2024-08-24,Suite,161.018,41,59.1%,144.703,25,None,Low,Thursday,Local Festival
2024-07-05,Suite,256.737,18,54.2%,269.12600000000003,57,None,Shoulder,Friday,None
2024-04-27,Suite,129.363,107,86.5%,150.592,59,Free Breakfast,Low,Sunday,Business Conference
2024-10-06,Suite,218.54300000000003,47,96.9%,202.124,66,Free Breakfast,Shoulder,Tuesday,None
2024-06-06,Standard,199.6,97,71.7%,203.82,28,None,Low,Tuesday,Local Festival
2024-06-09,Standard,66.51,81,70.7%,70.11,13,Free Breakfast,Low,Saturday,None
2024-01-11,Deluxe,175.78900000000002,99,48.0%,172.91400000000002,81,Discount,Low,Monday,Business Conference
2024-05-07,Suite,298.77900000000005,21,54.9%,300.079,6,Discount,Low,Tuesday,None
2024-04-21,Deluxe,206.62049999999996,18,48.1%,220.248,50,Free Breakfast,Shoulder,Friday,Business Conference
2024-11-03,Deluxe,192.76299999999998,100,71.3%,210.64549999999997,16,Free Breakfast,Shoulder,Sunday,None
2024-06-10,Standard,159.17,15,100.0%,164.85,85,Free Breakfast,High,Wednesday,Business Conference
2024-09-25,Suite,69.537,31,91.1%,69.277,10,Free Breakfast,Shoulder,Friday,None
2024-09-15,Standard,173.46,78,56.0%,157.01,76,Discount,High,Monday,Business Conference
2024-02-18,Suite,136.98100000000002,73,59.2%,151.918,11,None,High,Friday,None
2024-10-11,Suite,163.566,98,75.2%,144.001,52,None,Shoulder,Wednesday,None
2024-04-04,Suite,386.009,39,56.5%,363.298,87,Free Breakfast,Shoulder,Wednesday,Business Conference
2024-07-12,Standard,58.95,57,77.6%,55.39,57,Free Breakfast,Low,Thursday,Business Conference
2024-02-11,Suite,155.441,45,91.3%,165.165,60,None,Low,Friday,Business Conference
2024-05-25,Deluxe,292.169,106,75.4%,273.4355,49,Discount,Low,Monday,Local Festival
2024-11-27,Deluxe,321.43649999999997,79,90.4%,306.4865,59,Free Breakfast,High,Friday,None
2024-05-29,Standard,283.74,57,45.3%,271.92,56,None,Shoulder,Friday,Local Festival
2024-08-07,Suite,115.076,70,68.5%,99.632,44,None,Low,Wednesday,None
2024-12-27,Deluxe,100.9125,51,70.8%,84.2375,27,None,Shoulder,Monday,None
2024-04-03,Standard,213.84,57,62.6%,202.51,35,Free Breakfast,Shoulder,Saturday,None
2024-09-08,Suite,113.126,58,85.2%,133.84799999999998,37,Discount,Low,Monday,Local Festival
2024-06-13,Standard,166.56,88,79.7%,178.63,25,Discount,Low,Wednesday,Business Conference
2024-12-15,Standard,65.56,99,100.0%,66.79,30,Free Breakfast,High,Saturday,Local Festival
2024-06-11,Suite,109.239,91,42.9%,95.30300000000001,76,Discount,Shoulder,Wednesday,Local Festival
2024-05-16,Deluxe,169.4295,22,67.2%,166.3015,8,None,High,Saturday,None
2024-04-04,Standard,265.75,49,76.8%,267.79,42,Discount,Low,Wednesday,Local Festival
2024-06-25,Deluxe,306.56699999999995,94,53.3%,313.8005,5,None,High,Tuesday,Business Conference
2024-11-07,Suite,328.718,44,78.9%,322.478,87,Free Breakfast,High,Monday,Local Festival
2024-08-22,Suite,151.918,69,63.3%,138.57999999999998,88,None,Shoulder,Monday,Local Festival
2024-10-26,Deluxe,94.70249999999999,29,66.9%,115.782,12,None,High,Monday,None
2024-03-18,Deluxe,99.935,13,72.3%,111.03249999999998,31,Discount,Low,Saturday,Business Conference
2024-02-16,Suite,175.92900000000003,34,60.9%,197.37900000000002,11,None,Shoulder,Monday,Business Conference
2024-08-12,Suite,283.049,33,50.8%,279.565,3,Discount,Shoulder,Monday,Business Conference
2024-09-06,Deluxe,314.4445,18,82.1%,334.30499999999995,90,Free Breakfast,Shoulder,Monday,Business Conference
2024-06-06,Suite,257.608,87,67.1%,262.6,69,Free Breakfast,High,Wednesday,Local Festival
2024-09-24,Deluxe,254.89749999999998,65,43.5%,241.49999999999997,89,Discount,Shoulder,Monday,Business Conference
2024-04-19,Deluxe,283.95799999999997,45,64.9%,286.465,76,Discount,Shoulder,Monday,Local Festival
2024-12-03,Standard,184.32,49,52.5%,168.56,65,None,Shoulder,Thursday,Local Festival
2024-02-28,Suite,117.33800000000001,54,83.8%,129.805,38,None,Low,Friday,None
2024-01-15,Suite,373.906,39,64.0%,359.528,88,Free Breakfast,Shoulder,Saturday,Business Conference
2024-01-03,Deluxe,72.86399999999999,75,72.5%,70.9665,2,Free Breakfast,Shoulder,Tuesday,Local Festival
2024-12-01,Suite,216.853,101,84.6%,195.46800000000002,72,None,High,Monday,Local Festival
2024-11-15,Standard,176.47,18,89.7%,179.89,72,Discount,High,Saturday,Business Conference
2024-10-31,Standard,202.56,47,52.1%,198.9,38,Free Breakfast,Low,Friday,Business Conference
2024-06-09,Standard,173.45,85,92.4%,165.63,49,Discount,Low,Thursday,Business Conference
2024-08-19,Suite,65.754,52,95.1%,54.782000000000004,37,None,Shoulder,Saturday,Business Conference
2024-09-26,Standard,87.94,44,76.9%,91.26,13,Discount,Low,Monday,Business Conference
2024-06-10,Deluxe,68.36749999999999,54,68.2%,50.73799999999999,10,Discount,Low,Sunday,Local Festival
2024-11-23,Suite,169.624,95,67.8%,163.644,28,None,Low,Friday,Business Conference
2024-06-05,Standard,53.18,63,44.1%,62.62,69,Discount,Low,Tuesday,Local Festival
2024-05-16,Standard,242.62,102,82.0%,253.62,62,None,Low,Wednesday,Business Conference
2024-05-07,Deluxe,91.517,73,57.5%,102.43049999999998,24,Free Breakfast,Low,Tuesday,Business Conference
2024-08-17,Deluxe,291.51349999999996,71,69.7%,281.66949999999997,44,Free Breakfast,Low,Tuesday,Business Conference
2024-06-28,Standard,53.38,19,83.9%,68.51,25,Free Breakfast,Shoulder,Monday,Local Festival
2024-02-06,Deluxe,321.85049999999995,42,73.9%,320.528,31,None,High,Friday,Business Conference
2024-08-23,Deluxe,209.02399999999997,105,92.5%,230.8165,46,Free Breakfast,High,Saturday,Local Festival
2024-10-21,Deluxe,205.67749999999998,47,64.0%,205.21749999999997,7,Free Breakfast,Shoulder,Saturday,Local Festival
2024-08-20,Deluxe,288.926,50,59.5%,306.337,82,Free Breakfast,Low,Friday,None
2024-01-02,Suite,122.616,35,63.5%,120.458,23,Free Breakfast,High,Monday,Local Festival
2024-11-23,Standard,108.19,49,42.9%,110.88,65,None,High,Wednesday,Local Festival
2024-07-20,Deluxe,133.85999999999999,74,57.8%,126.7645,71,None,High,Tuesday,Business Conference
2024-10-02,Suite,266.682,37,80.2%,253.097,36,None,Low,Monday,None
2024-06-01,Standard,297.97,62,78.6%,284.8,65,Discount,High,Sunday,Local Festival
2024-01-14,Suite,127.55600000000001,80,46.6%,109.07000000000001,12,None,High,Wednesday,Business Conference
2024-08-19,Standard,82.55,46,74.4%,95.12,67,None,Low,Wednesday,None
2024-01-03,Deluxe,316.02,47,100.0%,319.13649999999996,77,Free Breakfast,Low,Friday,None
2024-01-19,Standard,289.76,95,68.0%,304.11,80,Free Breakfast,High,Saturday,Local Festival
2024-07-06,Deluxe,119.24349999999998,73,65.1%,129.697,74,None,High,Wednesday,None
2024-05-25,Deluxe,277.0695,16,51.8%,280.094,69,Discount,Shoulder,Tuesday,Business Conference
2024-06-10,Standard,239.54,27,66.3%,227.93,75,Free Breakfast,High,Sunday,Local Festival
2024-06-26,Suite,189.306,58,72.0%,186.16,10,None,Low,Thursday,None
2024-03-20,Standard,191.63,92,57.4%,202.3,53,Free Breakfast,High,Friday,Business Conference
2024-05-23,Suite,173.511,25,63.3%,161.785,34,Discount,High,Thursday,None
2024-10-19,Suite,337.363,22,76.4%,361.53000000000003,13,Free Breakfast,High,Thursday,None
2024-09-16,Standard,95.13,96,56.5%,104.4,71,Discount,Shoulder,Monday,Business Conference
2024-04-30,Deluxe,300.311,76,56.0%,302.634,50,Free Breakfast,High,Tuesday,Business Conference
2024-04-11,Deluxe,310.93699999999995,88,79.3%,321.3445,19,None,High,Sunday,Business Conference
2024-07-16,Standard,259.8,93,97.7%,261.63,39,Discount,Low,Monday,None
2024-05-11,Suite,174.369,56,65.0%,197.87300000000002,54,None,Low,Wednesday,Local Festival
2024-01-29,Suite,287.95,104,82.9%,285.363,35,None,Low,Saturday,Business Conference
2024-12-28,Standard,178.89,74,57.6%,175.98,10,Free Breakfast,High,Sunday,Business Conference
2024-07-14,Standard,75.58,13,52.0%,88.51,17,None,High,Thursday,None
2024-09-04,Suite,286.624,51,74.0%,299.988,51,Discount,Shoulder,Friday,Business Conference
2024-11-22,Deluxe,283.68199999999996,81,96.6%,290.38649999999996,84,Free Breakfast,High,Monday,None
2024-11-21,Deluxe,274.62,47,63.8%,264.27,8,None,High,Thursday,None
2024-12-20,Suite,251.21200000000002,50,54.3%,258.466,80,Discount,Low,Saturday,None
2024-04-03,Suite,66.3,69,94.5%,64.06400000000001,5,Free Breakfast,Shoulder,Friday,None
2024-03-04,Suite,117.741,40,72.8%,114.77700000000002,72,Free Breakfast,Low,Sunday,Local Festival
2024-04-28,Deluxe,295.32,69,93.1%,274.413,3,Discount,Shoulder,Monday,Local Festival
2024-08-31,Deluxe,258.24399999999997,98,72.5%,261.1995,58,None,Low,Monday,Business Conference
2024-05-14,Suite,361.2830000000001,62,92.5%,365.56,74,Discount,Shoulder,Friday,None
2024-12-26,Standard,64.21,82,93.5%,81.62,37,None,Low,Thursday,Business Conference
2024-11-07,Standard,163.15,111,86.8%,169.76,10,None,High,Sunday,Local Festival
2024-12-29,Standard,118.89,100,67.0%,116.85,75,Discount,Shoulder,Saturday,None
2024-11-13,Deluxe,276.0575,59,94.5%,289.294,60,None,Shoulder,Friday,Business Conference
2024-05-04,Standard,185.69,38,64.2%,191.72,1,Discount,Shoulder,Monday,Business Conference
2024-09-24,Deluxe,216.34949999999998,21,76.6%,209.40349999999998,11,Discount,Shoulder,Wednesday,Business Conference
2024-12-04,Standard,286.37,19,59.2%,293.97,2,Free Breakfast,Low,Saturday,Business Conference
2024-11-20,Deluxe,287.93699999999995,89,100.0%,290.8005,67,None,High,Friday,Business Conference
2024-04-19,Suite,333.41100000000006,67,90.5%,341.38000000000005,64,Free Breakfast,Low,Tuesday,Business Conference
2024-11-04,Deluxe,215.37199999999999,109,80.0%,230.92,8,Discount,High,Tuesday,Local Festival
2024-12-22,Standard,195.07,49,90.0%,193.29,9,Discount,Low,Friday,None
2024-01-21,Standard,210.74,82,67.6%,193.1,83,None,Low,Friday,None
2024-01-14,Suite,370.019,32,99.5%,363.87,51,Discount,Low,Friday,Business Conference
2024-04-21,Deluxe,223.78999999999996,55,58.1%,213.61249999999998,63,Discount,High,Wednesday,Local Festival
2024-10-11,Deluxe,312.09849999999994,35,91.8%,323.794,85,Discount,High,Saturday,Local Festival
2024-04-09,Standard,83.3,18,81.8%,100.92,74,Free Breakfast,Low,Sunday,None
2024-03-11,Suite,375.778,39,95.7%,376.72700000000003,42,Free Breakfast,High,Wednesday,None
2024-06-02,Standard,214.43,98,58.8%,223.3,90,Discount,Low,Saturday,Local Festival
2024-01-23,Suite,295.555,16,92.8%,278.915,19,Free Breakfast,High,Tuesday,None
2024-05-29,Deluxe,336.86949999999996,47,92.1%,328.18699999999995,85,None,High,Wednesday,Business Conference
2024-08-18,Standard,173.14,89,78.8%,184.8,76,Free Breakfast,Low,Saturday,None
2024-09-03,Deluxe,209.98999999999998,40,84.1%,194.36149999999998,79,None,Low,Monday,Local Festival
2024-08-12,Suite,268.021,73,65.1%,279.461,72,Discount,Shoulder,Wednesday,Local Festival
2024-09-16,Standard,223.05,21,64.8%,211.57,44,Discount,High,Saturday,Local Festival
2024-02-29,Standard,152.28,97,91.6%,139.58,56,Discount,High,Monday,None
2024-07-29,Deluxe,62.836,34,84.2%,42.641999999999996,17,Free Breakfast,Shoulder,Tuesday,Local Festival
2024-10-19,Deluxe,70.5295,82,79.1%,90.27499999999999,23,None,Shoulder,Sunday,Local Festival
2024-02-20,Standard,242.0,31,83.8%,238.85,35,Discount,High,Saturday,None
2024-03-30,Deluxe,229.33299999999997,103,59.3%,236.2445,73,None,Low,Tuesday,Business Conference
2024-09-23,Deluxe,195.69549999999998,29,86.5%,177.21499999999997,32,None,Low,Monday,Business Conference
2024-05-04,Deluxe,149.1435,54,59.7%,131.8705,43,Discount,Low,Saturday,Business Conference
2024-10-08,Standard,74.94,101,60.3%,69.1,22,None,Low,Thursday,None
2024-04-15,Deluxe,224.319,97,99.5%,205.9075,69,Free Breakfast,Low,Saturday,Business Conference
2024-09-05,Suite,115.75200000000001,65,86.3%,99.46300000000001,16,Discount,Shoulder,Monday,Local Festival
2024-01-17,Suite,387.71200000000005,111,66.6%,403.741,18,Free Breakfast,Shoulder,Tuesday,Business Conference
2024-07-27,Standard,71.42,21,90.0%,81.02,41,Free Breakfast,High,Wednesday,None
2024-05-06,Deluxe,78.29199999999999,76,68.8%,90.3785,37,Discount,High,Saturday,Local Festival
2024-10-06,Deluxe,257.094,96,70.9%,257.117,58,Free Breakfast,Low,Sunday,Local Festival
2024-10-17,Suite,86.125,23,89.6%,68.27600000000001,90,Discount,Shoulder,Saturday,Business Conference
2024-12-04,Suite,331.63,70,83.9%,315.653,73,Discount,Low,Monday,Local Festival
2024-10-14,Standard,173.91,99,51.4%,189.97,71,Discount,High,Tuesday,None
2024-03-04,Standard,171.18,58,81.2%,160.39,34,Free Breakfast,Low,Sunday,Local Festival
2024-07-18,Standard,193.39,86,54.7%,201.83,69,None,Low,Tuesday,None
2024-05-28,Suite,155.506,100,50.7%,142.129,6,Free Breakfast,Shoulder,Sunday,Local Festival
2024-05-04,Deluxe,330.9585,56,69.2%,335.363,16,Discount,Low,Sunday,Business Conference
2024-12-31,Suite,271.23199999999997,50,82.6%,293.865,12,None,Low,Wednesday,None
2024-08-05,Suite,316.355,19,43.6%,297.414,7,None,Shoulder,Saturday,Business Conference
2024-12-18,Standard,263.0,25,94.6%,277.33,50,Free Breakfast,Low,Friday,Business Conference
2024-07-08,Standard,273.4,43,96.4%,271.33,87,None,High,Sunday,None
2024-08-05,Suite,66.105,73,60.7%,67.106,58,Discount,Shoulder,Friday,None
2024-06-30,Standard,140.82,11,82.1%,139.05,75,Discount,Shoulder,Friday,Local Festival
2024-10-09,Suite,363.31100000000004,102,88.7%,373.425,64,None,Low,Tuesday,Business Conference
2024-11-01,Standard,172.54,42,73.1%,167.7,46,Discount,High,Tuesday,Local Festival
2024-12-14,Deluxe,292.0885,78,90.9%,307.464,39,Free Breakfast,Low,Wednesday,Business Conference
2024-01-03,Standard,75.11,27,80.9%,70.59,4,Discount,Low,Tuesday,Local Festival
2024-03-31,Suite,353.574,75,95.7%,335.53000000000003,58,None,Low,Sunday,None
2024-07-23,Deluxe,215.326,99,61.3%,229.9195,87,Discount,Shoulder,Sunday,Local Festival
2024-04-14,Deluxe,84.20299999999999,41,73.8%,82.3975,67,None,Low,Monday,Business Conference
2024-07-10,Deluxe,173.91449999999998,41,52.3%,156.90599999999998,89,Free Breakfast,Low,Thursday,None
2024-05-14,Deluxe,135.82649999999998,13,88.6%,133.9865,58,None,High,Saturday,Local Festival
2024-07-24,Suite,382.551,45,100.0%,358.30600000000004,54,Free Breakfast,Low,Thursday,Local Festival
2024-07-30,Deluxe,128.685,103,98.9%,110.48049999999998,45,None,High,Friday,Business Conference
2024-02-16,Suite,173.09500000000003,72,56.9%,174.75900000000001,58,Free Breakfast,Shoulder,Saturday,Local Festival
2024-03-14,Standard,121.14,58,64.4%,105.47,57,Free Breakfast,High,Thursday,None
2024-10-19,Deluxe,73.646,94,79.0%,88.895,53,Discount,Shoulder,Saturday,None
2024-11-17,Standard,163.92,97,63.7%,168.94,24,Free Breakfast,Shoulder,Friday,None
2024-08-24,Suite,344.14900000000006,67,80.2%,332.007,61,Free Breakfast,Shoulder,Saturday,Local Festival
2024-10-06,Suite,91.533,12,95.7%,69.43299999999999,17,Free Breakfast,High,Tuesday,Business Conference
2024-03-05,Deluxe,218.31599999999997,52,78.0%,198.91549999999998,65,None,Shoulder,Wednesday,Business Conference
2024-02-01,Standard,82.9,40,76.6%,71.95,79,Free Breakfast,Shoulder,Friday,Local Festival
2024-12-31,Suite,238.42000000000002,56,54.5%,239.811,66,None,High,Thursday,Local Festival
2024-03-21,Suite,252.135,48,75.9%,259.81800000000004,85,Free Breakfast,High,Sunday,Business Conference
2024-05-17,Suite,211.211,75,71.2%,210.145,22,Discount,High,Tuesday,Local Festival
2024-08-07,Suite,176.995,71,82.3%,164.619,6,Discount,High,Friday,Local Festival
2024-08-24,Standard,205.49,64,61.4%,188.2,80,Free Breakfast,Shoulder,Monday,Local Festival
2024-01-01,Suite,133.029,57,75.4%,157.898,36,None,Low,Tuesday,Business Conference
2024-05-27,Deluxe,84.83549999999998,52,83.6%,65.67649999999999,63,None,High,Wednesday,None
2024-02-19,Deluxe,71.08149999999999,83,56.3%,77.99299999999998,10,None,Low,Saturday,Business Conference
2024-09-28,Deluxe,281.0025,66,95.7%,286.534,20,None,Shoulder,Tuesday,Local Festival
2024-11-17,Deluxe,244.02999999999997,37,97.0%,244.53599999999997,71,Discount,Low,Tuesday,Local Festival
2024-08-14,Suite,332.202,98,67.6%,306.69599999999997,73,None,Shoulder,Tuesday,Local Festival
2024-01-22,Suite,66.118,76,76.5%,60.892,81,None,Shoulder,Tuesday,Local Festival
2024-10-02,Deluxe,181.7575,102,89.6%,189.382,76,Discount,High,Friday,Business Conference
2024-02-18,Standard,56.27,110,84.6%,54.92,41,Free Breakfast,High,Tuesday,None
2024-11-27,Suite,229.437,53,82.5%,250.614,63,None,Low,Sunday,None
2024-11-07,Suite,167.089,77,55.9%,144.82000000000002,4,Free Breakfast,Shoulder,Saturday,Business Conference
2024-10-31,Suite,222.924,47,69.1%,226.902,76,Discount,Low,Friday,None
2024-06-24,Deluxe,333.35049999999995,20,100.0%,346.0925,85,None,High,Sunday,Business Conference
2024-07-16,Suite,274.586,52,85.3%,274.547,74,None,Shoulder,Thursday,Local Festival
2024-01-28,Deluxe,193.522,23,79.3%,182.045,82,Discount,High,Friday,Local Festival
2024-01-05,Standard,195.07,14,88.1%,192.57,17,Discount,Shoulder,Thursday,Business Conference
2024-04-18,Deluxe,168.843,17,84.3%,186.415,66,Free Breakfast,Shoulder,Sunday,Business Conference
2024-11-09,Deluxe,206.87349999999998,88,52.0%,194.12,17,None,Shoulder,Monday,None
2024-02-14,Deluxe,184.2875,71,100.0%,196.7765,46,Free Breakfast,Low,Thursday,None
2024-08-04,Deluxe,63.43399999999999,42,50.5%,40.88249999999999,20,Discount,Low,Monday,None
2024-12-27,Standard,215.95,79,68.9%,215.47,18,None,Low,Wednesday,Business Conference
2024-12-12,Suite,109.85000000000001,76,79.1%,123.552,20,Discount,Low,Sunday,Business Conference
2024-01-27,Deluxe,331.131,37,79.2%,314.134,26,None,Shoulder,Sunday,Business Conference
2024-12-01,Suite,65.09100000000001,90,92.0%,54.47,22,None,High,Sunday,Business Conference
2024-06-18,Suite,308.85400000000004,28,78.5%,297.427,22,Free Breakfast,Low,Thursday,Local Festival
2024-09-02,Deluxe,66.1595,44,59.0%,51.3475,11,Free Breakfast,Shoulder,Friday,Business Conference
2024-11-05,Suite,102.05,46,54.7%,112.476,90,Free Breakfast,Shoulder,Saturday,Business Conference
2024-01-14,Standard,88.23,23,56.8%,74.04,15,Free Breakfast,Low,Saturday,None
2024-09-24,Standard,58.57,102,64.2%,73.08,75,Discount,Low,Saturday,Business Conference
2024-01-30,Deluxe,193.6945,58,57.1%,189.33599999999996,79,None,High,Monday,Local Festival
2024-12-20,Suite,291.629,111,63.3%,276.48400000000004,90,Discount,High,Wednesday,None
2024-06-16,Standard,102.15,42,76.0%,114.64,90,Free Breakfast,High,Wednesday,Business Conference
2024-11-29,Suite,184.57399999999998,56,58.3%,162.89000000000001,26,Discount,High,Friday,None
2024-02-04,Standard,290.47,56,93.6%,281.31,5,Discount,Shoulder,Sunday,Business Conference
2024-05-29,Standard,84.08,52,69.2%,73.37,89,None,Shoulder,Wednesday,None
2024-12-19,Deluxe,255.80599999999998,90,55.1%,237.62449999999998,81,Discount,Shoulder,Wednesday,Business Conference
2024-12-02,Standard,294.88,91,97.8%,280.2,43,Discount,Low,Monday,Business Conference
2024-01-13,Deluxe,150.167,27,77.0%,132.227,70,Free Breakfast,Low,Wednesday,Local Festival
2024-11-11,Deluxe,147.9245,70,71.6%,167.42849999999999,75,Discount,Shoulder,Saturday,Business Conference
2024-07-08,Suite,324.428,101,94.4%,314.782,89,Discount,Shoulder,Monday,Business Conference
2024-11-22,Deluxe,286.051,39,78.1%,291.594,2,None,Low,Saturday,None
2024-02-18,Suite,240.864,35,44.3%,252.35600000000002,13,None,Low,Thursday,Local Festival
2024-12-13,Deluxe,140.93249999999998,18,65.9%,135.4585,84,Discount,Shoulder,Sunday,Business Conference
2024-06-05,Standard,96.38,105,72.7%,113.01,14,Free Breakfast,High,Tuesday,Business Conference
2024-03-11,Standard,219.73,38,53.2%,234.9,75,Discount,Shoulder,Tuesday,Local Festival
2024-10-26,Deluxe,122.613,66,74.2%,117.96699999999998,32,Discount,High,Sunday,Local Festival
2024-12-04,Deluxe,171.10849999999996,95,59.0%,171.9135,23,Free Breakfast,High,Tuesday,None
2024-03-26,Deluxe,293.6755,21,89.1%,314.318,48,Discount,High,Friday,None
2024-04-25,Suite,315.35400000000004,31,70.2%,338.52,40,None,High,Thursday,None
2024-11-01,Deluxe,276.5175,78,75.3%,268.364,6,Free Breakfast,Shoulder,Thursday,Business Conference
2024-10-16,Suite,221.975,41,86.5%,244.569,86,Discount,Low,Sunday,Local Festival
2024-07-01,Deluxe,87.49199999999999,71,59.1%,65.826,34,Discount,Low,Thursday,None
2024-12-18,Deluxe,243.8345,33,58.8%,236.48599999999996,18,None,High,Monday,Local Festival
2024-06-05,Suite,319.683,23,96.5%,298.324,88,None,Shoulder,Monday,None
2024-09-24,Deluxe,149.66099999999997,89,58.5%,167.9115,70,Discount,Low,Sunday,None
2024-12-14,Standard,183.85,89,88.9%,180.34,58,None,Shoulder,Saturday,Local Festival
2024-07-30,Deluxe,278.0815,86,82.2%,272.9985,44,None,Shoulder,Tuesday,None
2024-12-10,Standard,87.75,67,79.1%,72.05,37,Free Breakfast,High,Monday,Business Conference
2024-01-08,Standard,172.52,106,85.5%,173.03,48,Free Breakfast,Shoulder,Tuesday,Business Conference
2024-09-02,Deluxe,277.08099999999996,45,87.1%,270.503,68,Discount,High,Monday,Local Festival
2024-06-07,Standard,290.67,35,58.7%,291.28,38,None,Shoulder,Tuesday,Local Festival
2024-03-03,Standard,86.78,16,67.9%,73.35,3,None,Low,Tuesday,Business Conference
2024-12-21,Deluxe,152.72,32,83.4%,167.7045,30,None,Low,Monday,Business Conference
2024-04-09,Deluxe,313.95,51,77.6%,302.3465,62,None,High,Thursday,Business Conference
2024-11-05,Suite,111.917,69,66.0%,111.826,59,None,Shoulder,Monday,None
2024-08-24,Standard,94.72,65,49.8%,98.88,67,Free Breakfast,High,Monday,None
2024-12-22,Standard,211.99,95,100.0%,228.42,23,None,Shoulder,Friday,Local Festival
2024-09-05,Suite,143.507,68,49.4%,118.378,73,Discount,High,Thursday,None
2024-10-10,Standard,234.07,89,64.3%,240.71,40,Discount,Low,Tuesday,None
2024-02-28,Standard,100.97,43,71.0%,120.18,79,None,High,Wednesday,None
2024-04-14,Deluxe,142.577,73,64.9%,125.62599999999999,5,Discount,High,Thursday,Local Festival
2024-11-22,Suite,207.12900000000002,15,100.0%,186.589,59,Discount,High,Monday,None
2024-05-15,Suite,338.91,51,61.0%,352.989,23,Free Breakfast,Low,Saturday,Local Festival
2024-03-07,Standard,174.94,86,89.1%,173.05,20,Discount,Shoulder,Wednesday,Local Festival
2024-06-24,Deluxe,88.86049999999999,57,88.2%,73.439,58,Discount,High,Wednesday,Business Conference
2024-04-15,Suite,359.6580000000001,103,48.9%,335.244,11,Discount,Shoulder,Monday,Local Festival
2024-01-13,Suite,344.396,66,75.8%,319.69599999999997,86,None,High,Sunday,None
2024-01-20,Standard,278.68,35,92.4%,287.97,12,Free Breakfast,High,Saturday,Local Festival
2024-11-12,Deluxe,321.14899999999994,73,60.6%,320.1025,64,None,Shoulder,Wednesday,Business Conference
2024-04-20,Standard,174.61,27,82.5%,162.82,20,Discount,Shoulder,Saturday,Local Festival
2024-10-31,Standard,211.94,16,84.3%,201.79,12,Free Breakfast,Low,Friday,Business Conference
2024-03-17,Standard,229.11,99,57.5%,219.41,57,None,Low,Tuesday,Local Festival
2024-09-02,Suite,81.211,13,88.4%,59.709,8,None,Low,Saturday,None
2024-08-09,Deluxe,175.59349999999998,99,100.0%,196.27049999999997,9,None,Low,Saturday,None
2024-02-26,Deluxe,241.18949999999998,39,100.0%,247.19249999999997,88,None,Shoulder,Tuesday,None
2024-05-18,Standard,190.47,47,88.3%,177.17,50,Free Breakfast,High,Thursday,None
2024-05-04,Deluxe,272.17049999999995,90,63.2%,282.67,66,None,High,Monday,Business Conference
2024-04-07,Standard,193.99,54,87.7%,200.55,58,Free Breakfast,Shoulder,Saturday,Local Festival
2024-04-14,Deluxe,233.31199999999998,74,63.4%,246.376,31,Free Breakfast,High,Tuesday,Local Festival
2024-04-02,Standard,51.97,38,98.2%,59.28,7,Free Breakfast,High,Saturday,Business Conference
2024-05-19,Standard,297.53,81,90.4%,294.83,57,Free Breakfast,High,Tuesday,Business Conference
2024-10-29,Suite,202.553,104,92.8%,228.13700000000003,42,Discount,Shoulder,Tuesday,Business Conference
2024-11-26,Standard,209.24,65,90.9%,204.8,85,None,Shoulder,Friday,Local Festival
2024-11-20,Standard,293.4,64,100.0%,294.3,10,None,High,Sunday,Business Conference
2024-08-08,Standard,133.62,46,72.1%,139.39,31,Discount,Shoulder,Friday,None
2024-02-15,Suite,289.705,89,83.4%,294.606,6,Free Breakfast,Shoulder,Sunday,Local Festival
2024-10-02,Deluxe,119.853,11,51.8%,98.6355,18,Free Breakfast,High,Wednesday,Business Conference
2024-02-19,Standard,106.63,44,86.5%,121.34,7,Free Breakfast,Shoulder,Saturday,Local Festival
2024-01-08,Suite,111.241,36,87.1%,128.466,48,Free Breakfast,Shoulder,Sunday,Business Conference
2024-03-08,Suite,99.46300000000001,50,74.9%,83.53800000000001,40,Free Breakfast,High,Friday,Local Festival
2024-11-29,Standard,183.13,29,74.1%,200.18,38,Free Breakfast,Shoulder,Tuesday,Business Conference
2024-08-19,Deluxe,212.79599999999996,87,62.9%,203.80299999999997,66,Free Breakfast,Low,Thursday,Local Festival
2024-02-18,Deluxe,319.378,102,76.7%,307.8895,31,None,Shoulder,Friday,None
2024-03-03,Deluxe,339.42249999999996,37,88.1%,334.5695,81,Free Breakfast,Shoulder,Saturday,Local Festival
2024-08-21,Suite,262.71700000000004,64,99.1%,240.058,88,Free Breakfast,Shoulder,Friday,None
2024-03-13,Deluxe,133.952,98,100.0%,145.4865,78,Discount,Low,Tuesday,Business Conference
2024-07-29,Standard,260.81,55,90.3%,255.26,59,None,Shoulder,Wednesday,Business Conference
2024-05-15,Standard,177.68,50,64.0%,186.03,75,Discount,Shoulder,Sunday,Business Conference
2024-11-03,Standard,158.94,64,94.1%,142.57,70,Free Breakfast,Low,Monday,None
2024-05-25,Deluxe,217.2695,86,66.6%,223.08849999999998,30,Discount,Shoulder,Sunday,Business Conference
2024-07-23,Standard,225.71,10,45.1%,219.34,22,Discount,Shoulder,Saturday,Local Festival
2024-08-17,Suite,187.044,53,93.3%,172.406,43,Free Breakfast,Low,Thursday,None
2024-10-31,Deluxe,139.909,36,85.7%,155.68699999999998,12,Free Breakfast,Low,Monday,None
2024-01-23,Suite,119.61300000000001,33,82.0%,101.283,31,None,Shoulder,Tuesday,Local Festival
2024-01-30,Suite,70.291,97,74.5%,53.625,1,None,High,Monday,Business Conference
2024-10-28,Deluxe,86.25,30,65.9%,68.36749999999999,1,Free Breakfast,High,Wednesday,Local Festival
2024-02-20,Standard,186.68,11,64.1%,167.13,87,Free Breakfast,High,Thursday,Business Conference
2024-02-08,Deluxe,148.51099999999997,20,70.3%,134.3315,90,None,High,Thursday,None
2024-01-17,Deluxe,312.7195,17,87.8%,317.308,68,Free Breakfast,Shoulder,Tuesday,Local Festival
2024-10-18,Deluxe,239.85549999999998,59,83.2%,254.55249999999998,16,Discount,Shoulder,Thursday,None
2024-12-15,Suite,209.69000000000003,52,57.6%,226.694,18,Discount,Low,Tuesday,Business Conference
2024-02-12,Standard,269.94,96,56.9%,261.64,4,Free Breakfast,High,Thursday,None
2024-10-18,Standard,276.28,51,71.7%,267.22,28,Free Breakfast,High,Tuesday,Business Conference
2024-01-09,Deluxe,254.73649999999998,97,82.6%,253.33349999999996,18,Discount,Shoulder,Tuesday,Business Conference
2024-02-03,Deluxe,101.1655,75,68.4%,108.91649999999998,71,Free Breakfast,Low,Thursday,Business Conference
2024-10-04,Suite,114.85499999999999,50,95.0%,120.58800000000001,66,Free Breakfast,Shoulder,Sunday,None
2024-09-25,Standard,183.02,45,76.4%,166.59,41,Free Breakfast,Shoulder,Friday,None
2024-07-09,Deluxe,260.912,87,97.8%,240.23499999999999,5,None,High,Wednesday,Business Conference
2024-07-30,Standard,284.07,19,78.1%,284.77,14,Discount,High,Saturday,Local Festival
2024-07-10,Deluxe,105.11,16,57.3%,116.49499999999999,60,Free Breakfast,Shoulder,Thursday,Business Conference
2024-04-08,Deluxe,216.21149999999997,44,63.6%,210.41549999999998,64,None,Shoulder,Friday,None
2024-03-22,Standard,75.7,104,86.6%,94.42,86,None,Shoulder,Thursday,Local Festival
2024-03-29,Suite,357.747,92,53.9%,363.54499999999996,47,Discount,Low,Tuesday,Business Conference
2024-04-03,Deluxe,294.27349999999996,65,99.4%,306.2335,9,None,Shoulder,Saturday,Local Festival
2024-11-19,Deluxe,168.62449999999998,22,60.7%,162.66749999999996,78,Free Breakfast,Shoulder,Tuesday,None
2024-12-05,Suite,272.909,14,67.0%,266.487,65,Discount,Shoulder,Thursday,None
2024-01-21,Standard,177.21,29,89.0%,174.56,57,Free Breakfast,Shoulder,Wednesday,None
2024-04-12,Suite,384.77400000000006,20,52.4%,375.245,63,Discount,Shoulder,Saturday,None
2024-05-09,Standard,243.75,73,51.2%,240.67,18,Free Breakfast,High,Sunday,Local Festival
2024-10-14,Deluxe,325.36949999999996,31,72.4%,339.549,13,None,Shoulder,Saturday,Local Festival
2024-06-07,Deluxe,60.9385,35,75.8%,40.158,56,Free Breakfast,High,Monday,Business Conference
2024-04-19,Standard,85.93,30,52.2%,77.84,85,Free Breakfast,Low,Wednesday,Business Conference
2024-10-24,Standard,290.09,84,91.0%,293.77,10,None,High,Saturday,Business Conference
2024-04-30,Standard,162.61,50,66.2%,169.54,87,Free Breakfast,Low,Friday,Business Conference
2024-02-26,Deluxe,128.248,19,98.0%,112.907,84,None,High,Tuesday,Business Conference
2024-08-22,Suite,198.549,100,53.5%,214.37,22,Free Breakfast,High,Saturday,Business Conference
2024-08-11,Deluxe,191.0725,78,91.2%,198.904,72,None,Low,Tuesday,None
2024-12-19,Standard,133.35,79,89.2%,137.28,6,Free Breakfast,Shoulder,Friday,Business Conference
2024-05-17,Suite,344.64300000000003,58,80.0%,370.123,52,Discount,Low,Thursday,Business Conference
2024-09-30,Deluxe,277.03499999999997,48,95.0%,275.632,58,Free Breakfast,Low,Friday,None
2024-02-29,Deluxe,327.24399999999997,57,70.1%,347.20799999999997,87,Discount,Low,Friday,None
2024-02-17,Standard,55.76,43,73.8%,49.79,30,None,Shoulder,Tuesday,Local Festival
2024-08-08,Deluxe,117.44949999999999,93,83.1%,101.15399999999998,90,Discount,High,Friday,Local Festival
2024-08-15,Suite,324.324,73,47.6%,325.78000000000003,25,Free Breakfast,Shoulder,Wednesday,Business Conference
2024-01-15,Standard,88.25,104,61.9%,99.53,8,Discount,Shoulder,Saturday,Business Conference
2024-05-22,Deluxe,173.32799999999997,67,68.2%,172.4885,23,Discount,Low,Tuesday,Business Conference
2024-02-06,Suite,355.498,23,73.9%,377.312,45,Discount,Shoulder,Wednesday,Business Conference
2024-03-14,Deluxe,285.06199999999995,99,80.0%,304.359,78,None,High,Sunday,Local Festival
2024-02-28,Deluxe,328.06049999999993,31,69.1%,350.2555,69,Discount,High,Tuesday,Local Festival
2024-01-18,Suite,387.53000000000003,83,41.3%,364.78000000000003,87,Discount,Low,Sunday,None
2024-12-22,Suite,124.982,29,79.2%,140.15300000000002,16,None,Shoulder,Tuesday,None
2024-11-01,Suite,199.472,15,86.6%,213.499,39,Free Breakfast,Low,Monday,Business Conference
2024-11-07,Suite,94.679,42,71.4%,92.872,68,Discount,High,Wednesday,Local Festival
2024-11-06,Standard,237.76,94,90.1%,220.99,55,Discount,Low,Wednesday,Local Festival
2024-07-10,Standard,245.39,68,54.1%,250.68,20,Free Breakfast,Shoulder,Wednesday,None
2024-04-11,Deluxe,162.2535,94,62.7%,166.43949999999998,15,Discount,Shoulder,Thursday,Business Conference
2024-05-27,Standard,143.16,27,40.3%,154.11,22,Discount,Low,Tuesday,Local Festival
2024-04-04,Deluxe,104.89149999999998,44,78.0%,96.70349999999999,87,Discount,High,Sunday,Local Festival
2024-04-28,Standard,212.74,104,83.4%,197.93,29,Free Breakfast,Shoulder,Friday,Business Conference
2024-06-18,Standard,207.01,66,60.3%,211.27,2,None,High,Thursday,Local Festival
2024-04-24,Suite,70.252,75,75.1%,91.598,51,Free Breakfast,Shoulder,Thursday,Local Festival
2024-01-16,Deluxe,192.6135,19,100.0%,175.35199999999998,25,Discount,Low,Wednesday,Local Festival
2024-12-21,Standard,63.12,26,70.0%,81.73,4,Free Breakfast,Low,Monday,None
2024-07-14,Standard,230.02,54,62.8%,230.93,6,Discount,Low,Wednesday,Business Conference
2024-04-17,Standard,65.77,48,78.9%,48.56,75,None,High,Thursday,Local Festival
2024-06-25,Deluxe,232.27699999999996,32,44.0%,226.59599999999998,58,None,High,Monday,Local Festival
2024-04-27,Suite,220.32399999999998,63,48.8%,231.17900000000003,79,None,Low,Sunday,Business Conference
2024-03-05,Suite,209.56,38,98.4%,197.47000000000003,56,Discount,High,Monday,None
2024-12-26,Standard,236.73,43,90.0%,252.05,43,Free Breakfast,Shoulder,Sunday,Business Conference
2024-11-29,Standard,229.77,86,61.0%,233.9,12,Discount,High,Friday,None
2024-10-12,Suite,365.105,73,92.3%,366.80800000000005,29,None,Shoulder,Wednesday,None
2024-01-04,Standard,209.93,69,83.0%,191.89,49,None,Low,Friday,Local Festival
2024-12-19,Standard,232.45,97,85.3%,219.59,34,Discount,High,Friday,Business Conference
2024-01-12,Standard,207.31,111,56.2%,227.08,69,None,Low,Tuesday,Local Festival
2024-07-08,Deluxe,91.678,87,57.9%,76.49799999999999,63,None,High,Monday,None
2024-11-21,Suite,128.297,25,100.0%,108.823,83,Free Breakfast,Low,Saturday,Local Festival
2024-10-29,Suite,281.593,47,61.2%,267.59200000000004,13,None,High,Sunday,None
2024-07-06,Suite,354.06800000000004,61,59.1%,355.251,77,Discount,Low,Friday,Business Conference
2024-02-09,Suite,263.25,35,63.5%,266.11,53,Discount,Low,Saturday,None
2024-07-21,Deluxe,319.25149999999996,47,82.3%,316.365,20,None,High,Wednesday,None
2024-02-24,Suite,285.233,30,86.5%,306.74800000000005,68,Discount,Low,Tuesday,None
2024-08-14,Standard,240.05,93,86.1%,252.93,28,None,Low,Sunday,None
2024-09-09,Standard,284.97,30,50.4%,269.3,23,Free Breakfast,Shoulder,Tuesday,Business Conference
2024-07-13,Standard,84.18,24,80.6%,101.83,83,Free Breakfast,High,Thursday,Business Conference
2024-12-23,Suite,373.386,96,69.9%,377.481,31,Free Breakfast,Low,Thursday,Business Conference
2024-11-02,Suite,126.672,95,100.0%,150.111,39,None,High,Saturday,None
2024-06-14,Deluxe,186.21949999999998,21,55.2%,180.49249999999998,29,Free Breakfast,High,Saturday,None
2024-09-21,Standard,192.53,87,65.8%,202.38,14,Free Breakfast,High,Saturday,None
2024-03-10,Suite,289.991,88,54.1%,292.63,66,None,Shoulder,Saturday,Business Conference
2024-10-06,Deluxe,236.2215,73,60.5%,244.46699999999998,29,Free Breakfast,High,Wednesday,Business Conference
2024-08-02,Suite,316.914,84,50.0%,304.096,20,Free Breakfast,Shoulder,Tuesday,Business Conference
2024-09-06,Standard,195.02,41,95.5%,182.99,74,Discount,Low,Friday,Local Festival
2024-08-27,Deluxe,276.6325,81,76.7%,287.94849999999997,84,Free Breakfast,Low,Sunday,None
2024-10-30,Standard,164.6,66,93.9%,172.64,2,Discount,Shoulder,Monday,Business Conference
2024-11-25,Suite,302.263,68,65.3%,302.67900000000003,7,None,Shoulder,Wednesday,Local Festival
2024-01-02,Deluxe,341.56149999999997,31,56.0%,333.71849999999995,28,None,Low,Wednesday,Business Conference
2024-07-08,Standard,249.62,48,72.6%,258.81,73,None,High,Saturday,None
2024-01-30,Suite,290.017,84,79.7%,266.73400000000004,55,None,Shoulder,Tuesday,None
2024-08-20,Deluxe,341.757,74,71.7%,333.155,69,None,Shoulder,Friday,None
2024-09-25,Suite,226.096,20,96.4%,241.605,28,Free Breakfast,High,Monday,Business Conference
2024-02-15,Standard,188.61,57,80.2%,171.09,31,None,High,Saturday,None
2024-07-05,Deluxe,94.8175,28,47.1%,111.7225,3,None,High,Friday,None
2024-01-03,Deluxe,309.028,50,72.6%,327.014,62,Free Breakfast,Shoulder,Sunday,Business Conference
2024-11-03,Deluxe,65.826,90,71.1%,46.494499999999995,74,Free Breakfast,High,Sunday,Local Festival
2024-09-22,Standard,185.48,106,64.8%,194.3,49,Discount,Low,Sunday,None
2024-10-05,Suite,372.90500000000003,35,100.0%,387.478,41,None,Low,Monday,None
2024-09-09,Deluxe,233.27749999999997,38,62.9%,213.831,75,Discount,Low,Saturday,None
2024-07-22,Standard,208.83,94,53.8%,201.97,55,Discount,High,Saturday,Business Conference
2024-06-05,Suite,234.234,81,94.2%,239.51200000000003,19,Free Breakfast,Shoulder,Thursday,None
2024-07-13,Suite,123.201,63,60.8%,146.679,47,Free Breakfast,High,Wednesday,Business Conference
2024-05-05,Suite,229.73600000000002,57,66.8%,253.5,40,None,Low,Friday,None
2024-11-04,Standard,245.88,22,93.0%,242.16,26,None,Low,Monday,Local Festival
2024-06-19,Suite,389.55800000000005,108,100.0%,394.69300000000004,88,Discount,Shoulder,Monday,Local Festival
2024-08-25,Standard,241.57,79,73.7%,253.92,27,None,High,Monday,None
2024-08-31,Standard,189.54,19,54.2%,184.4,86,None,Shoulder,Friday,Local Festival
2024-01-28,Standard,202.49,88,84.7%,203.01,79,Free Breakfast,Shoulder,Thursday,None
2024-08-07,Standard,232.18,29,58.0%,246.19,40,None,High,Sunday,None
2024-01-06,Standard,251.73,74,61.4%,249.57,36,None,High,Saturday,Local Festival
2024-04-14,Suite,193.687,75,90.6%,216.099,84,Discount,Shoulder,Thursday,None
2024-04-06,Deluxe,147.085,30,83.7%,129.27149999999997,48,None,Shoulder,Saturday,None
2024-04-01,Suite,225.04300000000003,63,63.6%,206.024,71,None,High,Tuesday,Business Conference
2024-04-17,Deluxe,173.81099999999998,52,69.1%,195.44249999999997,79,Free Breakfast,Low,Saturday,Business Conference
2024-05-29,Deluxe,125.994,91,96.9%,108.997,83,None,Low,Tuesday,Business Conference
2024-08-25,Deluxe,89.0445,85,64.1%,74.382,68,Free Breakfast,High,Friday,Local Festival
2024-02-05,Suite,332.02000000000004,106,89.3%,317.98,31,Discount,Low,Friday,Local Festival
2024-09-20,Deluxe,298.7125,62,41.4%,295.69949999999994,33,Discount,High,Monday,Business Conference
2024-09-13,Standard,184.94,18,68.8%,199.24,73,Free Breakfast,High,Tuesday,None
2024-04-04,Suite,249.66500000000002,89,72.7%,234.42900000000003,62,None,Low,Tuesday,Local Festival
2024-12-07,Suite,127.296,106,77.5%,144.339,42,Free Breakfast,Low,Saturday,Local Festival
2024-08-21,Deluxe,171.89049999999997,26,71.4%,171.60299999999998,48,Discount,Shoulder,Thursday,None
2024-04-03,Standard,267.36,94,100.0%,253.02,71,None,Shoulder,Friday,None
2024-09-05,Deluxe,264.1665,68,45.0%,271.84849999999994,76,Free Breakfast,Low,Sunday,Local Festival
2024-03-24,Deluxe,310.38499999999993,41,80.0%,291.98499999999996,9,None,Shoulder,Thursday,Business Conference
2024-05-25,Deluxe,204.98749999999998,36,98.6%,199.38699999999997,24,None,High,Sunday,None
2024-11-27,Standard,62.04,97,54.8%,57.97,21,None,High,Sunday,Business Conference
2024-12-22,Deluxe,161.73599999999996,94,93.6%,168.34849999999997,44,Discount,Shoulder,Wednesday,Business Conference
2024-03-08,Standard,287.8,46,100.0%,302.16,69,None,Low,Saturday,None
2024-12-26,Suite,84.656,100,97.7%,97.552,26,None,Shoulder,Tuesday,Business Conference
2024-07-26,Deluxe,320.13699999999994,60,100.0%,318.54999999999995,89,Discount,Low,Tuesday,Local Festival
2024-08-09,Suite,278.031,59,67.8%,289.809,73,Free Breakfast,High,Tuesday,None
2024-02-16,Standard,203.71,62,81.5%,213.78,81,None,Low,Tuesday,Local Festival
2024-04-25,Standard,76.94,50,58.8%,90.9,15,Free Breakfast,High,Sunday,Local Festival
2024-06-08,Suite,99.658,51,60.7%,100.28200000000001,50,None,Shoulder,Friday,Business Conference
2024-12-25,Standard,146.9,54,95.1%,146.46,65,Discount,High,Friday,None
2024-07-20,Suite,348.14000000000004,66,63.9%,361.20500000000004,46,None,Shoulder,Tuesday,Local Festival
2024-02-28,Deluxe,184.253,42,58.7%,200.24949999999998,84,Free Breakfast,Low,Wednesday,Local Festival
2024-09-13,Standard,126.42,99,86.3%,115.54,29,None,High,Tuesday,Local Festival
2024-01-03,Deluxe,334.41999999999996,93,83.7%,344.24099999999993,59,None,Shoulder,Sunday,None
2024-12-07,Suite,165.50300000000001,73,53.4%,164.16400000000002,4,Free Breakfast,High,Thursday,Local Festival
2024-04-06,Standard,100.46,37,87.5%,116.6,55,Discount,High,Friday,None
2024-12-18,Suite,333.021,80,57.2%,346.372,14,Discount,High,Saturday,None
2024-01-21,Suite,149.877,31,58.6%,158.275,30,None,Low,Friday,None
2024-05-20,Standard,89.39,36,57.2%,84.61,21,Free Breakfast,Low,Monday,None
2024-05-01,Deluxe,257.416,104,91.5%,267.7775,39,None,Low,Wednesday,Local Festival
2024-03-24,Suite,348.413,87,100.0%,356.824,32,Free Breakfast,Shoulder,Tuesday,Business Conference
2024-03-02,Standard,112.2,55,98.0%,116.89,57,Free Breakfast,Low,Sunday,Local Festival
2024-03-20,Suite,277.05600000000004,88,76.1%,280.774,5,Free Breakfast,Shoulder,Thursday,Business Conference
2024-07-05,Suite,95.186,57,91.4%,118.18299999999999,44,Free Breakfast,Shoulder,Sunday,Business Conference
2024-04-18,Deluxe,205.7695,66,64.3%,224.65249999999997,12,Discount,Low,Sunday,Local Festival
2024-09-07,Suite,261.807,40,93.4%,264.095,40,Free Breakfast,Shoulder,Wednesday,Business Conference
2024-03-02,Suite,202.17600000000002,82,42.7%,199.641,56,Free Breakfast,High,Thursday,Business Conference
2024-04-09,Deluxe,238.48699999999997,28,62.5%,229.97699999999998,63,None,High,Saturday,None
2024-12-07,Suite,213.51200000000003,109,68.2%,204.802,76,Free Breakfast,High,Thursday,Local Festival
2024-04-01,Standard,246.48,63,83.7%,247.1,74,None,Low,Tuesday,Business Conference
2024-06-18,Standard,130.78,30,94.6%,128.07,11,Free Breakfast,High,Wednesday,Business Conference
2024-03-26,Deluxe,279.13949999999994,78,98.9%,273.3205,40,Discount,Low,Sunday,Local Festival
2024-01-02,Standard,299.27,106,83.4%,287.07,38,Free Breakfast,Shoulder,Monday,Business Conference
2024-04-04,Standard,275.91,102,91.1%,287.73,67,Discount,High,Tuesday,Local Festival
2024-11-28,Deluxe,258.635,110,81.9%,276.7245,90,None,Low,Thursday,Business Conference
2024-04-18,Deluxe,271.6415,89,49.5%,271.80249999999995,6,None,Shoulder,Sunday,None
2024-06-07,Standard,137.65,56,90.1%,137.06,73,Free Breakfast,Shoulder,Saturday,None
2024-07-07,Deluxe,280.1515,48,100.0%,282.29049999999995,46,None,Low,Tuesday,None
2024-03-21,Standard,251.48,110,81.5%,241.72,86,Discount,Low,Thursday,Local Festival
2024-05-19,Standard,127.48,26,66.7%,120.96,81,Discount,Shoulder,Friday,None
2024-01-17,Deluxe,254.89749999999998,71,80.0%,252.21799999999996,88,Discount,Low,Saturday,Business Conference
2024-08-02,Standard,285.64,105,79.1%,299.54,38,Discount,High,Friday,Business Conference
2024-02-16,Standard,91.5,50,69.8%,77.21,90,Free Breakfast,Low,Wednesday,None
2024-07-31,Standard,154.48,31,58.1%,145.81,48,Free Breakfast,High,Tuesday,Business Conference
2024-08-24,Suite,334.82800000000003,40,43.1%,342.68000000000006,85,None,High,Sunday,Business Conference
2024-02-22,Standard,278.54,26,92.1%,268.66,77,Discount,Low,Friday,Business Conference
2024-06-06,Suite,376.038,21,100.0%,395.538,59,Free Breakfast,Low,Sunday,Business Conference
2024-02-04,Deluxe,342.539,41,74.7%,339.04299999999995,64,None,Low,Saturday,None
2024-05-28,Suite,234.546,56,91.6%,236.99,62,Discount,Low,Tuesday,None
2024-03-23,Standard,292.74,111,77.7%,310.92,28,Discount,Shoulder,Saturday,Local Festival
2024-07-02,Suite,148.746,79,57.4%,155.181,31,Free Breakfast,Shoulder,Saturday,None
2024-08-11,Suite,73.944,76,100.0%,85.358,20,Discount,High,Saturday,None
2024-07-28,Standard,76.42,73,56.1%,71.51,9,Discount,Shoulder,Tuesday,Local Festival
2024-06-17,Standard,58.44,26,76.9%,71.78,9,Free Breakfast,Low,Thursday,None
2024-04-30,Standard,203.49,67,80.3%,197.93,17,None,Low,Tuesday,Local Festival
2024-09-09,Standard,92.68,32,49.8%,110.64,4,Free Breakfast,Low,Wednesday,None
2024-02-01,Suite,328.796,22,100.0%,312.42900000000003,37,None,Low,Sunday,None
2024-07-01,Standard,164.83,80,84.2%,159.92,35,Free Breakfast,Low,Sunday,Business Conference
2024-06-03,Standard,270.78,30,70.6%,271.36,12,None,High,Friday,Local Festival
2024-12-24,Standard,144.22,39,65.4%,140.92,15,Discount,Low,Thursday,None
2024-08-30,Standard,283.53,60,70.6%,287.4,15,None,Low,Wednesday,Local Festival
2024-08-14,Suite,190.19000000000003,112,50.3%,205.777,19,None,Shoulder,Monday,None
2024-06-17,Suite,92.39099999999999,90,100.0%,112.736,87,Free Breakfast,High,Friday,Local Festival
2024-03-16,Deluxe,322.207,51,69.4%,323.74799999999993,53,None,Shoulder,Friday,None
2024-03-02,Standard,252.67,56,77.0%,266.39,62,None,Low,Tuesday,Local Festival
2024-11-05,Suite,203.697,50,54.4%,185.133,58,None,Shoulder,Monday,None
2024-06-27,Deluxe,139.219,28,77.5%,153.3295,42,Free Breakfast,Shoulder,Thursday,Local Festival
2024-02-04,Standard,83.47,49,61.3%,70.36,15,Free Breakfast,High,Monday,Local Festival
2024-12-04,Deluxe,321.9655,32,46.4%,333.1895,33,Discount,Shoulder,Sunday,None
2024-03-22,Standard,64.36,104,55.8%,47.78,89,Free Breakfast,High,Monday,None
2024-06-22,Standard,146.25,71,48.2%,150.45,45,Discount,High,Sunday,Local Festival
2024-04-01,Deluxe,60.570499999999996,89,76.1%,63.9745,56,None,Low,Tuesday,Business Conference
2024-10-07,Standard,220.38,32,81.5%,224.94,62,None,Shoulder,Monday,None
2024-06-01,Suite,309.309,74,100.0%,313.781,87,Free Breakfast,Low,Saturday,None
2024-01-27,Standard,194.54,66,55.2%,201.55,78,Discount,Low,Wednesday,Local Festival
2024-09-28,Standard,206.99,17,75.6%,216.28,56,None,Low,Tuesday,Business Conference
2024-01-16,Deluxe,253.6325,27,63.0%,253.4945,32,Discount,Low,Monday,Business Conference
2024-11-04,Suite,230.28199999999998,97,58.4%,224.692,61,None,Shoulder,Wednesday,Local Festival
2024-10-30,Suite,372.489,102,100.0%,353.028,83,Discount,Low,Friday,Local Festival
2024-02-05,Standard,284.29,79,90.8%,287.32,51,None,Shoulder,Saturday,Local Festival
2024-03-02,Deluxe,132.5375,25,66.7%,134.297,45,Free Breakfast,Low,Sunday,None
2024-05-30,Deluxe,273.654,75,62.9%,272.54999999999995,14,None,Low,Tuesday,None
2024-06-02,Suite,316.68,58,53.1%,324.675,44,Discount,Low,Monday,None
2024-07-15,Suite,225.524,47,100.0%,239.01800000000003,68,Free Breakfast,Shoulder,Wednesday,Local Festival
2024-12-25,Standard,157.4,45,84.8%,156.44,42,Free Breakfast,Shoulder,Saturday,Business Conference
2024-03-13,Standard,125.76,80,51.4%,141.14,17,Free Breakfast,Shoulder,Saturday,None
2024-09-03,Suite,142.038,56,54.1%,148.57700000000003,1,None,Shoulder,Tuesday,Business Conference
2024-04-01,Standard,112.72,30,74.8%,113.31,38,None,Shoulder,Tuesday,Business Conference
2024-01-08,Standard,60.55,29,89.4%,79.82,14,Free Breakfast,Low,Friday,Business Conference
2024-08-27,Standard,62.27,80,56.4%,79.38,66,None,Low,Thursday,Business Conference
2024-09-17,Suite,116.597,56,98.7%,94.69200000000001,13,Free Breakfast,High,Wednesday,Local Festival
2024-12-11,Deluxe,57.649499999999996,89,91.8%,47.080999999999996,50,Free Breakfast,Shoulder,Tuesday,None
2024-03-18,Standard,79.29,95,86.9%,80.52,56,None,Shoulder,Monday,Local Festival
2024-11-04,Standard,166.24,76,88.1%,157.41,51,Discount,High,Saturday,None
2024-11-12,Suite,282.945,79,76.2%,293.43600000000004,11,Discount,Shoulder,Wednesday,Business Conference
2024-04-21,Deluxe,195.85649999999998,105,61.5%,213.739,59,Discount,High,Monday,Business Conference
2024-05-26,Standard,123.52,57,48.4%,116.36,60,Discount,Low,Wednesday,None
2024-07-21,Suite,216.16400000000002,98,79.0%,226.525,6,Free Breakfast,High,Friday,Business Conference
2024-06-14,Suite,185.65300000000002,52,92.2%,195.299,4,Discount,Low,Saturday,Local Festival
2024-08-20,Deluxe,144.4055,64,59.2%,151.685,81,Free Breakfast,High,Saturday,Business Conference
2024-12-23,Standard,176.52,97,97.3%,191.12,81,None,Shoulder,Monday,None
2024-12-28,Suite,307.463,98,82.2%,314.704,8,Free Breakfast,High,Tuesday,Business Conference
2024-12-20,Deluxe,277.0695,42,72.2%,284.37199999999996,7,Discount,Shoulder,Monday,None
2024-10-07,Suite,345.865,96,71.6%,359.151,79,None,Low,Wednesday,Local Festival
2024-02-20,Deluxe,238.44099999999997,87,78.5%,251.022,11,Discount,Low,Monday,Local Festival
2024-08-30,Standard,213.85,107,88.2%,195.94,21,Discount,Shoulder,Tuesday,Business Conference
2024-10-20,Standard,175.98,88,72.6%,189.01,89,None,Shoulder,Tuesday,Local Festival
2024-05-22,Standard,154.97,14,80.8%,166.43,6,Free Breakfast,Low,Wednesday,Local Festival
2024-03-21,Standard,148.24,62,59.5%,134.51,64,None,Shoulder,Thursday,Business Conference
2024-10-15,Deluxe,331.94749999999993,93,60.5%,321.609,86,Discount,Low,Wednesday,None
2024-06-23,Standard,277.26,45,62.2%,294.84,23,Free Breakfast,High,Monday,None
2024-06-28,Standard,267.48,16,53.4%,275.71,83,Discount,High,Sunday,Local Festival
2024-10-16,Standard,288.01,28,64.9%,304.94,24,None,Shoulder,Wednesday,Local Festival
2024-05-29,Standard,269.98,41,92.6%,260.43,69,Free Breakfast,Shoulder,Thursday,Business Conference
2024-07-29,Deluxe,236.29049999999998,95,61.2%,237.16449999999998,72,Discount,Shoulder,Friday,Local Festival
2024-06-22,Standard,63.6,83,47.0%,66.24,30,Free Breakfast,High,Sunday,None
2024-08-03,Suite,117.37700000000001,10,79.0%,133.99099999999999,43,None,Low,Friday,Local Festival
2024-02-14,Standard,213.09,41,89.3%,197.8,70,Free Breakfast,High,Wednesday,None
2024-06-20,Suite,68.679,105,77.3%,93.99,2,None,Low,Monday,Local Festival
2024-02-24,Standard,295.48,105,81.2%,294.31,49,Discount,High,Friday,None
2024-06-25,Suite,378.612,103,80.1%,373.594,88,Free Breakfast,High,Friday,Local Festival
2024-10-21,Deluxe,289.2135,80,75.6%,275.8735,68,Discount,High,Tuesday,None
2024-07-10,Suite,108.615,69,89.6%,119.041,73,None,High,Sunday,None
2024-12-13,Deluxe,137.85049999999998,47,57.7%,120.7615,69,Discount,Low,Wednesday,None
2024-04-07,Suite,143.46800000000002,50,84.6%,150.904,40,Free Breakfast,Shoulder,Tuesday,None
2024-02-25,Deluxe,337.8469999999999,112,86.2%,352.8775,80,Free Breakfast,High,Monday,Local Festival
2024-04-11,Deluxe,92.18399999999998,18,54.4%,85.675,59,Free Breakfast,High,Tuesday,Local Festival
2024-10-12,Deluxe,321.3215,30,50.1%,317.64149999999995,15,None,High,Monday,None
2024-05-23,Deluxe,256.26599999999996,91,96.6%,252.53999999999996,75,None,High,Tuesday,None
2024-04-22,Suite,351.481,67,69.7%,327.223,44,Free Breakfast,Shoulder,Sunday,Local Festival
2024-07-13,Standard,282.26,15,88.1%,265.69,24,Free Breakfast,Shoulder,Sunday,None
2024-06-09,Suite,211.536,91,62.1%,186.25100000000003,72,None,Low,Friday,Local Festival
2024-10-21,Standard,59.73,93,48.3%,78.19,75,Discount,High,Tuesday,Business Conference
2024-12-19,Suite,215.67000000000002,27,71.5%,201.61700000000002,10,Discount,Low,Sunday,None
2024-12-17,Suite,97.721,71,73.2%,106.171,14,Discount,High,Thursday,Local Festival
2024-02-27,Suite,316.862,103,100.0%,326.391,46,None,High,Friday,Local Festival
2024-01-09,Suite,231.30900000000003,19,73.5%,240.422,28,Free Breakfast,Low,Monday,Local Festival
2024-11-09,Deluxe,281.39349999999996,40,89.0%,261.63649999999996,82,Discount,High,Monday,None
2024-12-21,Standard,216.77,66,59.2%,214.97,68,None,High,Tuesday,Local Festival
2024-04-12,Standard,281.28,45,82.1%,291.7,39,Discount,Shoulder,Tuesday,Local Festival
2024-07-10,Standard,255.7,29,82.7%,251.47,16,Discount,High,Wednesday,Business Conference
2024-05-03,Suite,316.901,103,48.2%,298.94800000000004,29,Free Breakfast,Low,Sunday,Business Conference
2024-07-30,Suite,110.097,16,60.7%,91.676,76,Free Breakfast,Shoulder,Saturday,None
2024-02-24,Deluxe,68.8275,95,88.9%,54.693999999999996,49,None,Shoulder,Friday,None
2024-11-24,Suite,381.12100000000004,61,71.4%,400.53000000000003,21,Free Breakfast,Low,Tuesday,None
2024-12-15,Deluxe,278.806,73,44.1%,258.97999999999996,37,Free Breakfast,Low,Thursday,Business Conference
2024-08-07,Suite,210.847,107,74.9%,214.474,28,Discount,High,Saturday,Business Conference
2024-07-07,Standard,226.65,22,90.9%,237.47,77,Free Breakfast,High,Sunday,Business Conference
2024-12-26,Deluxe,237.58999999999997,75,82.0%,240.24649999999997,87,None,High,Saturday,None
2024-12-01,Deluxe,321.7125,74,100.0%,335.363,69,Discount,Shoulder,Sunday,Business Conference
2024-08-02,Deluxe,329.1645,86,95.0%,336.75449999999995,80,Discount,Shoulder,Tuesday,Business Conference
2024-06-06,Deluxe,178.46849999999998,48,76.6%,186.1045,64,Discount,Low,Friday,Business Conference
2024-01-30,Suite,275.86,81,68.8%,285.194,75,Discount,Low,Friday,Business Conference
2024-03-24,Deluxe,167.739,69,50.8%,177.53699999999998,1,None,High,Saturday,Business Conference
2024-12-08,Standard,86.24,82,81.2%,70.28,14,Discount,Shoulder,Friday,Business Conference
2024-09-06,Deluxe,332.29249999999996,27,73.4%,342.72299999999996,27,None,Low,Friday,Business Conference
2024-01-30,Suite,106.70400000000001,33,43.3%,127.218,66,Free Breakfast,High,Monday,Business Conference
2024-06-12,Suite,200.85,47,100.0%,225.12099999999998,71,Free Breakfast,Shoulder,Saturday,Business Conference
2024-07-29,Suite,306.475,92,81.0%,331.708,64,None,Low,Monday,Local Festival
2024-07-19,Standard,138.56,38,93.4%,158.04,31,None,Shoulder,Thursday,None
2024-03-12,Suite,154.609,75,62.3%,171.964,36,Free Breakfast,High,Tuesday,Local Festival
2024-03-10,Deluxe,227.2745,89,80.8%,220.731,60,None,High,Tuesday,Business Conference
2024-11-14,Standard,247.15,62,70.3%,252.88,17,None,High,Sunday,None
2024-03-19,Suite,374.309,46,89.7%,374.43899999999996,79,Free Breakfast,Low,Sunday,None
2024-04-22,Suite,95.693,102,94.7%,84.409,5,Free Breakfast,High,Friday,None
2024-10-08,Standard,168.44,43,100.0%,167.32,25,Discount,Low,Saturday,Local Festival
2024-06-04,Suite,82.173,43,70.3%,57.772,52,Free Breakfast,Low,Sunday,Business Conference
2024-06-01,Deluxe,224.70999999999998,58,53.8%,226.84899999999996,41,Discount,Low,Wednesday,Business Conference
2024-09-14,Standard,204.78,37,98.1%,208.57,6,None,High,Saturday,Business Conference
2024-12-11,Suite,255.541,77,87.5%,260.611,6,None,High,Saturday,Business Conference
2024-08-15,Deluxe,148.534,88,53.4%,164.059,65,Discount,High,Tuesday,Local Festival
2024-03-06,Standard,206.99,81,74.7%,208.85,6,Free Breakfast,High,Monday,Business Conference
2024-07-22,Standard,118.81,53,95.0%,133.97,56,Discount,Low,Thursday,Local Festival
2024-08-31,Standard,261.98,66,65.7%,277.58,79,Free Breakfast,Shoulder,Saturday,None
2024-06-06,Deluxe,206.50549999999998,37,60.5%,196.69599999999997,86,Discount,Low,Tuesday,Business Conference
2024-11-18,Suite,187.317,62,47.6%,204.217,25,Free Breakfast,Shoulder,Saturday,Business Conference
2024-06-25,Suite,207.506,32,93.0%,192.69899999999998,72,Free Breakfast,High,Thursday,None
2024-12-10,Deluxe,180.69949999999997,77,52.1%,166.93399999999997,79,Free Breakfast,High,Thursday,None
2024-08-20,Deluxe,284.1305,105,89.6%,304.1635,61,Free Breakfast,High,Saturday,Local Festival
2024-09-23,Suite,264.875,48,74.0%,280.17600000000004,61,None,High,Tuesday,None
2024-03-12,Suite,215.41,80,92.3%,231.42600000000002,25,Discount,Shoulder,Sunday,None
2024-10-31,Standard,123.35,96,100.0%,122.59,43,None,Low,Sunday,Business Conference
2024-11-11,Suite,168.62300000000002,55,51.9%,186.29000000000002,17,Discount,Low,Thursday,Local Festival
2024-12-04,Standard,86.09,35,72.5%,74.12,54,Discount,High,Saturday,Local Festival
2024-07-16,Standard,283.72,94,93.0%,282.33,57,Discount,Low,Friday,Business Conference
2024-07-23,Deluxe,184.8855,97,62.4%,188.278,36,Free Breakfast,Low,Wednesday,None
2024-04-12,Suite,272.77900000000005,91,60.4%,289.67900000000003,56,Discount,Shoulder,Monday,Business Conference
2024-09-13,Standard,127.02,31,60.4%,107.39,35,Discount,Low,Tuesday,Business Conference
2024-05-09,Deluxe,115.02299999999998,20,80.5%,115.68999999999998,48,Discount,Low,Wednesday,None
2024-04-02,Standard,171.99,98,88.2%,173.14,27,Discount,Low,Monday,Local Festival
2024-05-11,Standard,155.6,22,68.8%,162.19,38,Free Breakfast,High,Monday,None
2024-01-27,Suite,254.67000000000002,40,70.4%,263.783,78,None,Low,Tuesday,None
2024-03-14,Standard,225.58,104,91.8%,212.03,77,Free Breakfast,High,Wednesday,None
2024-06-25,Standard,175.02,109,74.7%,162.93,21,Discount,High,Monday,Local Festival
2024-10-04,Suite,98.254,75,62.3%,122.72000000000001,75,Free Breakfast,High,Wednesday,None
2024-09-13,Standard,280.16,50,57.5%,283.73,69,Discount,Shoulder,Sunday,None
2024-03-29,Standard,189.73,101,50.2%,181.92,63,Discount,Low,Sunday,Business Conference
2024-12-03,Suite,267.761,72,59.7%,245.88199999999998,67,None,Low,Saturday,None
2024-06-09,Suite,302.731,78,57.0%,284.219,9,Free Breakfast,Low,Tuesday,None
2024-08-21,Suite,99.45,30,83.0%,100.633,31,None,High,Sunday,Business Conference
2024-11-03,Deluxe,184.22999999999996,9,79.3%,183.14899999999997,25,Free Breakfast,High,Thursday,Local Festival
2024-08-01,Deluxe,83.237,81,52.8%,90.7005,87,Discount,High,Sunday,Local Festival
2024-09-19,Standard,241.36,10,81.9%,251.04,35,Discount,High,Sunday,None
2024-06-20,Deluxe,245.85849999999996,15,99.8%,234.05949999999999,84,None,High,Monday,None
2024-02-15,Standard,178.15,60,92.8%,161.15,16,Discount,Low,Tuesday,Local Festival
2024-09-29,Standard,225.87,92,59.1%,242.16,30,None,Shoulder,Friday,None
2024-10-22,Deluxe,262.3265,69,65.2%,259.5895,52,Free Breakfast,Shoulder,Monday,Local Festival
2024-05-06,Suite,375.622,51,90.3%,360.945,69,Discount,High,Saturday,Business Conference
2024-07-29,Deluxe,315.3875,37,71.4%,337.20300000000003,23,Free Breakfast,High,Friday,Local Festival
2024-10-10,Suite,332.384,88,96.4%,324.48,13,None,Low,Monday,Business Conference
2024-03-20,Suite,199.40699999999998,58,69.9%,193.713,31,None,High,Friday,None
2024-07-23,Deluxe,60.38649999999999,31,67.9%,68.356,52,Discount,Shoulder,Saturday,None
2024-04-06,Deluxe,181.5045,67,77.8%,195.07449999999997,69,Free Breakfast,High,Monday,Business Conference
2024-05-08,Deluxe,104.96049999999998,42,74.9%,106.71999999999998,82,Free Breakfast,Low,Tuesday,Business Conference
2024-01-04,Suite,276.224,26,56.2%,285.064,62,Free Breakfast,Low,Thursday,Business Conference
2024-10-12,Standard,149.87,102,84.2%,153.39,13,Discount,Shoulder,Thursday,None
2024-05-19,Standard,291.49,27,73.1%,290.56,11,Discount,Low,Wednesday,Business Conference
2024-08-30,Standard,91.96,42,100.0%,82.98,33,Free Breakfast,Shoulder,Saturday,Local Festival
2024-12-03,Suite,321.503,78,76.2%,336.557,62,None,High,Wednesday,None
2024-09-20,Suite,207.948,18,74.5%,189.891,12,Free Breakfast,Low,Sunday,Local Festival
2024-04-28,Deluxe,241.54599999999996,39,87.3%,237.015,79,Free Breakfast,Shoulder,Friday,Business Conference
2024-01-23,Standard,70.98,31,81.9%,63.03,50,Free Breakfast,High,Friday,Local Festival
2024-12-10,Standard,111.43,46,78.6%,119.04,51,None,Low,Tuesday,Business Conference
2024-12-04,Deluxe,189.32449999999997,79,100.0%,186.54149999999998,58,Discount,High,Saturday,Business Conference
2024-10-23,Standard,297.76,56,61.4%,300.38,45,Discount,High,Tuesday,Local Festival
2024-02-16,Suite,122.304,54,55.6%,110.786,87,Free Breakfast,High,Monday,Local Festival
2024-10-16,Standard,281.64,95,79.6%,278.79,36,Discount,Low,Monday,Business Conference
2024-08-27,Suite,190.03400000000002,88,97.0%,177.073,11,Discount,High,Friday,Business Conference
2024-10-02,Standard,200.28,102,93.4%,218.62,17,Discount,Shoulder,Tuesday,Business Conference
2024-09-01,Suite,215.891,100,95.7%,200.82399999999998,66,Discount,Shoulder,Thursday,Business Conference
2024-07-21,Deluxe,231.6445,62,49.3%,231.19599999999997,30,None,Low,Sunday,Local Festival
2024-05-23,Deluxe,119.945,87,46.5%,127.81099999999999,9,Discount,Shoulder,Sunday,Local Festival
2024-03-03,Standard,139.41,61,97.7%,127.98,54,Free Breakfast,Shoulder,Wednesday,Local Festival
2024-10-20,Standard,246.79,63,94.2%,239.74,15,Free Breakfast,Low,Thursday,Local Festival
2024-05-04,Deluxe,85.859,70,94.0%,93.0005,62,Discount,Shoulder,Sunday,None
2024-11-12,Standard,238.09,55,81.4%,257.89,6,Free Breakfast,Low,Wednesday,Local Festival
2024-01-09,Suite,375.83000000000004,80,71.4%,392.353,80,Discount,Low,Thursday,Business Conference
2024-06-02,Standard,203.96,35,80.8%,185.52,19,Discount,Low,Tuesday,Business Conference
2024-07-23,Deluxe,72.841,88,54.2%,93.127,81,None,Low,Wednesday,Local Festival
2024-08-01,Standard,69.63,81,68.1%,86.76,82,None,High,Wednesday,None
2024-11-28,Suite,177.55400000000003,86,65.9%,167.15400000000002,40,None,Low,Friday,Business Conference
2024-06-15,Suite,85.05900000000001,36,56.5%,67.652,3,Free Breakfast,High,Tuesday,Local Festival
2024-12-24,Deluxe,204.64249999999998,66,42.6%,226.84899999999996,67,None,Shoulder,Thursday,Local Festival
2024-08-01,Standard,213.76,33,79.6%,213.86,1,Free Breakfast,Low,Monday,None
2024-02-06,Deluxe,296.87249999999995,15,90.9%,307.4065,12,Free Breakfast,Low,Wednesday,Business Conference
2024-10-11,Deluxe,186.90949999999998,33,96.2%,177.49099999999999,5,None,High,Thursday,Business Conference
2024-01-31,Suite,234.182,16,52.3%,235.846,5,Discount,Shoulder,Saturday,None
2024-12-24,Suite,207.467,108,81.9%,199.745,56,None,Low,Thursday,None
2024-06-19,Deluxe,267.26,59,100.0%,266.20199999999994,64,Discount,Low,Saturday,Business Conference
2024-09-27,Suite,192.51700000000002,79,60.8%,168.714,44,Discount,High,Saturday,Local Festival
2024-12-16,Suite,296.322,41,90.3%,285.28499999999997,9,Free Breakfast,Shoulder,Tuesday,None
2024-08-19,Standard,269.91,15,59.4%,288.69,90,None,Low,Saturday,Business Conference
2024-01-15,Standard,257.41,28,93.7%,246.32,67,None,High,Thursday,Business Conference
2024-10-28,Deluxe,239.13099999999997,29,63.4%,243.3285,30,None,Low,Friday,Business Conference
2024-12-06,Deluxe,238.073,72,72.6%,259.4285,52,Discount,High,Thursday,Local Festival
2024-05-26,Deluxe,130.23749999999998,92,95.7%,125.28099999999999,42,Discount,Low,Sunday,Business Conference
2024-04-10,Deluxe,291.9045,81,76.9%,280.5655,26,Free Breakfast,Shoulder,Thursday,None
2024-04-11,Standard,157.21,43,89.9%,166.99,20,Discount,Shoulder,Sunday,None
2024-07-26,Standard,68.99,22,86.6%,86.7,33,Free Breakfast,High,Friday,Local Festival
2024-11-30,Standard,138.99,81,90.2%,130.43,4,Free Breakfast,Low,Monday,None
2024-09-03,Suite,153.062,88,76.6%,166.75100000000003,18,Discount,High,Thursday,Business Conference
2024-08-08,Deluxe,279.3465,60,83.6%,259.61249999999995,26,Free Breakfast,Low,Friday,Local Festival
2024-07-20,Deluxe,64.538,58,59.8%,65.74549999999999,40,Free Breakfast,High,Monday,Business Conference
2024-08-21,Deluxe,238.648,102,89.0%,244.70849999999996,70,None,Shoulder,Wednesday,Business Conference
2024-11-23,Standard,196.12,13,88.4%,185.31,63,None,High,Thursday,Business Conference
2024-07-15,Deluxe,288.7075,57,91.0%,291.893,60,None,Low,Friday,Local Festival
2024-10-06,Suite,125.242,80,53.2%,128.323,10,Free Breakfast,Shoulder,Wednesday,Local Festival
2024-04-27,Standard,276.52,28,69.2%,291.1,90,None,Shoulder,Monday,None
2024-02-24,Deluxe,190.67,67,100.0%,201.57199999999997,33,Discount,High,Tuesday,Local Festival
2024-10-22,Suite,320.84000000000003,92,80.2%,309.55600000000004,15,None,Shoulder,Thursday,Business Conference
2024-06-04,Deluxe,282.72749999999996,20,61.7%,265.742,10,None,High,Saturday,None
2024-10-03,Standard,255.45,62,82.5%,260.58,52,None,Low,Saturday,Business Conference
2024-03-21,Standard,237.28,63,75.4%,246.27,11,None,Shoulder,Wednesday,None
2024-03-24,Standard,273.34,20,88.3%,276.08,90,Discount,High,Monday,Business Conference
2024-07-05,Standard,146.81,98,64.9%,129.89,78,Discount,Shoulder,Saturday,Business Conference
2024-02-28,Standard,176.81,80,90.3%,169.32,45,Discount,Shoulder,Saturday,None
2024-02-15,Standard,167.98,51,73.4%,162.71,16,None,Shoulder,Tuesday,None
2024-06-28,Standard,147.95,25,75.9%,136.17,23,Discount,Low,Saturday,None
2024-12-16,Suite,218.54300000000003,57,83.8%,217.399,11,Discount,Shoulder,Sunday,None
2024-12-10,Standard,150.09,69,66.7%,142.21,38,None,High,Monday,Business Conference
